HMIID,YEAR,WBCC,COWCC,UCDPID,ACTORID,STATUS,HMISTART,HMISTAPR,HMIEND,HMIENDPR,ENDTYPE,VIOSTART,VIOSTAPR,VIOEND,VIOENDPR,VIODURAT,CONFLICT,VIOLENCE,ISSUE,NONSTATE,POLARITY,FATALITY,AREA,AREAA,POPULAT,POPULATA,REGION,MEDIATE6,MEDIATEI,ACCORD6,ACCORDI,EMBARGO6,EMBARGOI,COLDWAR,UNSC,REGIOORG,GOVTPERM,INTERVEN1,I1CCC,P5,INTERVEN2,I2CCC,INTERVEN3,I3CCC,COLONY2,SAVING,TARGET,TATROOP,ACTIVE,FORCE,INTERPOS,STARINTE,ENDINTE,DISARM,STARDISA,ENDDISA,CIVILIAN,STARCIVI,ENDCIVI,HUMANAID,STARHUMA,ENDHUMA,NOFLY,STARFLY,ENDFLY,SAFEAREA,STARAREA,ENDAREA,ENFORCE,STARENFO,ENDENFO,LOST,STARLOST,ENDLOST,REGIME,STARREGI,ENDREGI,GROUNDFO,GROUNDNO,GROUNDPO,GROUNDPOA,GROUNDAR,GROUNDARA,AIRFORCE,VIOLAREA,COUNTTRO,IDTROOPS,COUNTARM,IDARMS,CONTRA0,CONTRA1,CONTRA2,CONTRA3,CONTRA4,CONTRA5,CONTRA6,CONTRA7,ENDVIOL,FATAL1,FATALITYIY,FATAL2IY,FATALPRE,LOSSES,NEWVIOL,NEWFATAL,DISLOCATE
Afghanistan 2003-2014 ,2003,AFG,700,333,"130, 303, 769, 299, 292, 378, 302, 379, 801, 376, 375, 377, 388, 9999",1,11/08/2003,1,31/12/2014,1,3,26/09/1996,1,0,-88,82,1,0,2,1,3,37985,653000,653000,23100000,23100000,3,0,1,0,0,1,1,0,2,0,2,NATO,1060,1,Australia,900,-99,-99,0,1,2,50000,1,1,0,-88,-88,0,-88,-88,1,11/08/2003,31/12/2014,0,-88,-88,0,-88,-88,0,-88,-88,0,-88,-88,1,11/08/2003,31/12/2014,0,-88,-88,1,5500,24,24,8,8,1,2,0,-88,1,Pakistan,1,0,0,0,0,0,0,0,0,15.13,450,3.17,1,3354,-88,-99,0
Afghanistan 2003-2014 ,2004,AFG,700,333,"130, 303, 769, 299, 292, 378, 302, 379, 801, 376, 375, 377, 388, 9999",1,11/08/2003,1,31/12/2014,1,3,26/09/1996,1,0,-88,82,1,0,2,1,3,37985,653000,653000,24100000,24100000,3,0,0,0,0,1,1,0,2,0,2,NATO,1060,1,Australia,900,-99,-99,0,1,2,50000,1,1,0,-88,-88,1,01/01/2004,31/03/2011,1,11/08/2003,31/12/2014,1,01/01/2004,31/12/2014,0,-88,-88,0,-88,-88,0,-88,-88,1,11/08/2003,31/12/2014,0,-88,-88,1,7144,30,30,11,11,1,2,0,-88,1,Pakistan,1,0,0,0,0,0,0,0,0,15.13,817,2.23,1,3354,-88,-99,0
Afghanistan 2003-2014,2005,AFG,700,333,"130, 303, 769, 299, 292, 378, 302, 379, 801, 376, 375, 377, 388, 9999",1,11/08/2003,1,31/12/2014,1,3,26/09/1996,1,0,-88,82,1,0,2,1,3,37985,653000,653000,25100000,25100000,3,0,0,0,0,1,1,0,2,0,2,NATO,1060,1,Australia,900,-99,-99,0,1,2,50000,1,1,0,-88,-88,1,01/01/2004,31/03/2011,1,11/08/2003,31/12/2014,1,01/01/2004,31/12/2014,0,-88,-88,0,-88,-88,0,-88,-88,1,11/08/2003,31/12/2014,0,-88,-88,1,8682,35,35,13,13,1,2,0,-88,1,Pakistan,1,0,0,0,0,0,0,0,0,15.13,1711,4.69,1,3354,-88,-99,0
Afghanistan 2003-2014 ,2006,AFG,700,333,"130, 303, 769, 299, 292, 378, 302, 379, 801, 376, 375, 377, 388, 9999",1,11/08/2003,1,31/12/2014,1,3,26/09/1996,1,0,-88,82,1,0,2,1,3,37985,653000,653000,25900000,25900000,3,0,0,0,0,1,1,0,2,0,2,NATO,1060,1,Australia,900,-99,-99,0,1,2,50000,1,1,0,-88,-88,1,01/01/2004,31/03/2011,1,11/08/2003,31/12/2014,1,01/01/2004,31/12/2014,0,-88,-88,0,-88,-88,0,-88,-88,1,11/08/2003,31/12/2014,0,-88,-88,1,10712,41,41,16,16,1,2,0,-88,1,Pakistan,1,0,0,0,0,0,0,0,0,15.13,4982,13.65,1,3354,-88,-99,0
Afghanistan 2003-2014 ,2007,AFG,700,333,"130, 303, 769, 299, 292, 378, 302, 379, 801, 376, 375, 377, 388, 9999",1,11/08/2003,1,31/12/2014,1,3,26/09/1996,1,0,-88,82,1,0,2,1,3,37985,653000,653000,26600000,26600000,3,0,0,0,0,1,1,0,2,0,2,NATO,1060,1,Australia,900,Macedonia,343,0,1,2,50000,1,1,0,-88,-88,1,01/01/2004,31/03/2011,1,11/08/2003,31/12/2014,1,01/01/2004,31/12/2014,0,-88,-88,0,-88,-88,0,-88,-88,1,11/08/2003,31/12/2014,0,-88,-88,1,41700,157,157,64,64,1,2,0,-88,1,Pakistan,1,0,0,0,0,0,0,0,0,15.13,7020,19.23,1,3354,-88,-99,0
Afghanistan 2003-2014 ,2008,AFG,700,333,"130, 303, 769, 299, 292, 378, 302, 379, 801, 376, 375, 377, 388, 9999",1,11/08/2003,1,31/12/2014,1,3,26/09/1996,1,0,-88,82,1,0,2,1,3,37985,653000,653000,27300000,27300000,3,0,1,0,0,1,1,0,2,0,2,NATO,1060,1,Australia,900,New Zealand,920,0,1,2,50000,1,1,0,-88,-88,1,01/01/2004,31/03/2011,1,11/08/2003,31/12/2014,1,01/01/2004,31/12/2014,0,-88,-88,0,-88,-88,0,-88,-88,1,11/08/2003,31/12/2014,0,-88,-88,1,51350,188,188,79,79,1,2,0,-88,1,Pakistan,1,0,0,0,0,0,0,0,0,15.13,5660,15.46,1,3354,-88,-99,0
Afghanistan 2003-2014 ,2009,AFG,700,333,"130, 303, 769, 299, 292, 378, 302, 379, 801, 376, 375, 377, 388, 9999",1,11/08/2003,1,31/12/2014,1,3,26/09/1996,1,0,-88,82,1,0,2,1,3,37985,653000,653000,28000000,28000000,3,0,1,0,0,1,1,0,2,0,2,NATO,1060,1,Australia,900,New Zealand,920,0,1,2,50000,1,1,0,-88,-88,1,01/01/2004,31/03/2011,1,11/08/2003,31/12/2014,1,01/01/2004,31/12/2014,0,-88,-88,0,-88,-88,0,-88,-88,1,11/08/2003,31/12/2014,0,-88,-88,1,67700,242,242,104,104,1,2,0,-88,1,Pakistan,1,0,0,0,0,0,0,0,0,15.13,6499,17.81,1,3354,-88,-99,0
Afghanistan 2003-2014 ,2010,AFG,700,333,"130, 303, 769, 299, 292, 378, 302, 379, 801, 376, 375, 377, 388, 9999",1,11/08/2003,1,31/12/2014,1,3,26/09/1996,1,0,-88,82,1,0,2,1,3,37985,653000,653000,28800000,28800000,3,0,0,0,0,1,1,0,2,0,2,NATO,1060,1,Australia,900,Georgia,372,0,1,2,50000,1,1,0,-88,-88,1,01/01/2004,31/03/2011,1,11/08/2003,31/12/2014,1,01/01/2004,31/12/2014,0,-88,-88,0,-88,-88,0,-88,-88,1,11/08/2003,31/12/2014,0,-88,-88,1,130930,455,455,201,201,1,2,0,-88,1,Pakistan,1,0,0,0,0,0,0,0,0,15.13,7151,19.59,1,3354,-88,-99,0
Afghanistan 2003-2014 ,2011,AFG,700,333,"130, 303, 769, 299, 292, 378, 302, 379, 801, 376, 375, 377, 388, 9999",1,11/08/2003,1,31/12/2014,1,3,26/09/1996,1,0,-88,82,1,0,2,1,3,37985,653000,653000,29700000,29700000,3,0,0,0,0,1,1,0,2,0,2,NATO,1060,1,Australia,900,Georgia,372,0,1,2,50000,1,1,0,-88,-88,1,01/01/2004,31/03/2011,1,11/08/2003,31/12/2014,1,01/01/2004,31/12/2014,0,-88,-88,0,-88,-88,0,-88,-88,1,11/08/2003,31/12/2014,0,-88,-88,1,132457,446,446,203,203,1,2,0,-88,1,Pakistan,1,0,0,0,0,0,0,0,0,15.13,7565,20.73,1,3354,-88,-99,0
Afghanistan 2003-2014 ,2012,AFG,700,333,"130, 303, 769, 299, 292, 378, 302, 379, 801, 376, 375, 377, 388, 9999",1,11/08/2003,1,31/12/2014,1,3,26/09/1996,1,0,-88,82,1,0,2,1,3,37985,653000,653000,30700000,30700000,3,0,0,0,0,1,1,0,2,0,2,NATO,1060,1,Georgia,372,Australia,900,0,1,2,50000,1,1,0,-88,-88,0,-88,-88,1,11/08/2003,31/12/2014,1,01/01/2004,31/12/2014,0,-88,-88,0,-88,-88,0,-88,-88,1,11/08/2003,31/12/2014,0,-88,-88,1,129469,422,422,198,198,1,2,0,-88,1,Pakistan,1,0,0,0,0,0,0,0,0,15.13,7822,21.37,1,3354,-88,-99,0
Afghanistan 2003-2014 ,2013,AFG,700,333,"130, 303, 769, 299, 292, 378, 302, 379, 801, 376, 375, 377, 388, 9999",1,11/08/2003,1,31/12/2014,1,3,26/09/1996,1,0,-88,82,1,0,2,1,3,37985,653000,653000,31700000,31700000,3,0,0,0,0,1,1,0,2,0,2,NATO,1060,1,Georgia,372,Australia,900,0,1,2,50000,1,1,0,-88,-88,0,-88,-88,1,11/08/2003,31/12/2014,1,01/01/2004,31/12/2014,0,-88,-88,0,-88,-88,0,-88,-88,1,11/08/2003,31/12/2014,0,-88,-88,1,87207,275,275,134,134,1,2,0,-88,1,Pakistan,1,0,0,0,0,0,0,0,0,15.13,8131,22.28,1,3354,-88,-99,0
Afghanistan 2003-2014 ,2014,AFG,700,333,"130, 303, 769, 299, 292, 378, 302, 379, 801, 376, 375, 377, 388, 9999",1,11/08/2003,1,31/12/2014,1,3,26/09/1996,1,0,-88,82,1,0,2,1,3,37985,653000,653000,32800000,32800000,3,0,0,0,0,1,1,0,2,0,2,NATO,1060,1,Georgia,372,Australia,900,0,1,2,50000,1,1,0,-88,-88,0,-88,-88,1,11/08/2003,31/12/2014,1,01/01/2004,31/12/2014,0,-88,-88,0,-88,-88,0,-88,-88,1,11/08/2003,31/12/2014,0,-88,-88,1,44299,135,135,68,68,1,2,0,-88,1,Pakistan,1,0,0,0,0,0,0,0,0,15.13,12550,34.38,1,3354,-88,-99,0
Albania 1997,1997,ALB,339,-99,"1, 45, 9999",2,15/04/1997,1,11/08/1997,1,1,02/1997,4,11/08/1997,1,2,1,1,2,1,3,-99,27000,27000,3100000,3100000,4,-99,-99,-99,-99,-99,-99,0,2,2,2,Italy,325,0,France,220,Greece,350,0,1,0,-88,1,1,0,-88,-88,0,-88,-88,1,15/04/1997,11/08/1997,1,15/04/1997,11/08/1997,0,-88,-88,0,-88,-88,0,-88,-88,0,-88,-88,0,-88,-88,1,7215,233,233,267,267,0,2,0,-88,0,-88,1,0,0,0,0,0,0,0,1,-99,-99,-99,-88,1,0,-88,0
Bosnia and Herzegovina 1993-1995,1993,BIH,346,"398, 397","50, 339, 349, 350, 370, 371, 9999",2,12/04/1993,1,29/08/1995,1,2,30/04/1992,2,21/11/1995,1,11,1,1,1,0,3,8748,51000,51000,4100000,4100000,4,1,1,0,1,1,1,0,2,2,2,UN,1014,1,NATO,1060,-88,-88,0,1,0,-88,1,1,1,04/06/1993,29/08/1995,1,17/04/1993,21/04/1993,1,12/04/1993,29/08/1995,1,12/04/1993,29/08/1995,1,12/04/1993,29/08/1995,1,18/04/1993,29/08/1995,0,-88,-88,0,-88,-88,0,-88,-88,1,9500,232,232,186,186,1,2,1,Serbia,1,Serbia,1,0,0,0,0,0,0,0,0,25.21,4693,17.84,1,-99,0,-88,0
Bosnia and Herzegovina 1993-1995,1994,BIH,346,"398, 398","50, 339, 349, 350, 370, 371, 9999",2,12/04/1993,1,29/08/1995,1,2,30/04/1992,2,21/11/1995,1,11,1,1,1,0,3,8748,51000,51000,3900000,3900000,4,1,1,0,1,1,1,0,2,2,2,UN,1014,1,NATO,1060,-88,-88,0,1,0,-88,1,1,1,04/06/1993,29/08/1995,0,-88,-88,1,12/04/1993,29/08/1995,1,12/04/1993,29/08/1995,1,12/04/1993,29/08/1995,1,18/04/1993,29/08/1995,0,-88,-88,0,-88,-88,0,-88,-88,1,21300,546,546,418,418,1,2,1,Serbia,2,Serbia,1,0,0,0,0,0,0,0,0,25.21,3140,8.60,1,-99,0,-88,0
Bosnia and Herzegovina 1993-1995,1995,BIH,346,"398, 399","50, 339, 349, 350, 370, 371, 9999",2,12/04/1993,1,29/08/1995,1,2,30/04/1992,2,21/11/1995,1,11,1,1,1,0,3,8748,51000,51000,3800000,3800000,4,1,1,0,1,1,1,0,2,2,2,UN,1014,1,NATO,1060,-88,-88,0,1,0,-88,1,1,1,04/06/1993,29/08/1995,0,-88,-88,1,12/04/1993,29/08/1995,1,12/04/1993,29/08/1995,1,12/04/1993,29/08/1995,1,18/04/1993,29/08/1995,0,-88,-88,0,-88,-88,0,-88,-88,1,24900,655,655,488,488,1,2,1,Serbia,3,Serbia,1,0,0,0,0,0,0,0,0,25.21,9613,39.89,1,-99,0,-88,0
Bosnia and Herzegovina 1995,1995,BIH,346,"398, 400","50, 339, 349, 371",2,30/08/1995,1,21/11/1995,1,1,30/04/1992,2,21/11/1995,1,40,1,1,1,0,2,26194,51000,51000,3800000,3800000,4,1,1,1,1,1,1,0,2,2,2,NATO,1060,1,UN,1014,-88,-88,0,1,2,62500,1,1,0,-88,-88,0,-88,-88,1,30/08/1995,21/11/1995,1,30/08/1995,21/11/1995,1,30/08/1995,21/11/1995,1,30/08/1995,21/11/1995,1,30/08/1995,21/11/1995,0,-88,-88,0,-88,-88,1,37500,987,987,735,735,1,2,1,Serbia,1,Serbia,1,0,0,0,0,0,0,0,1,21.52,137,1.63,1,-99,0,-88,1
Burundi 2001-2008,2001,BDI,516,287,"93, 434, 432, 528, 786, 9999",2,29/10/2001,2,04/12/2008,1,1,21/10/1993,1,04/12/2008,1,84,1,1,2,0,3,11239,28000,28000,6600000,6600000,1,0,1,0,1,0,0,0,2,2,2,South Africa,560,0,-88,-88,-88,-88,0,1,0,-88,1,1,0,-88,-88,0,-88,-88,0,-88,-88,0,-88,-88,0,-88,-88,0,-88,-88,0,-88,-88,0,-88,-88,0,-88,-88,1,700,11,11,25,25,0,2,0,-88,0,-88,1,0,0,0,0,0,0,0,0,3.84,349,5.54,1,24,0,-88,0
Burundi 2001-2008,2002,BDI,516,287,"93, 434, 432, 528, 786, 9999",2,29/10/2001,2,04/12/2008,1,1,21/10/1993,1,04/12/2008,1,84,1,1,2,0,3,11239,28000,28000,6700000,6700000,1,0,1,0,1,0,0,0,2,2,2,South Africa,560,0,-88,-88,-88,-88,0,1,0,-88,1,1,0,-88,-88,0,-88,-88,0,-88,-88,0,-88,-88,0,-88,-88,0,-88,-88,0,-88,-88,0,-88,-88,0,-88,-88,1,650,10,10,23,23,0,2,0,-88,0,-88,1,0,0,0,0,0,0,0,0,3.84,1576,4.32,1,24,0,-88,0
Burundi 2001-2008,2003,BDI,516,287,"93, 434, 432, 528, 786, 9999",2,29/10/2001,2,04/12/2008,1,1,21/10/1993,1,04/12/2008,1,84,1,1,2,0,3,11239,28000,28000,7000000,7000000,1,0,1,0,1,0,0,0,2,2,2,AU,2400,0,South Africa,560,-88,-88,0,1,0,-88,1,1,0,-88,-88,1,06/2003,04/12/2008,0,-88,-88,1,04/2003,31/12/2006,0,-88,-88,0,-88,-88,1,04/2003,04/12/2008,0,-88,-88,0,-88,-88,1,2870,41,41,103,103,0,2,0,-88,0,-88,1,0,0,0,0,0,0,0,0,3.84,1245,3.41,1,24,0,-88,0
Burundi 2001-2008,2004,BDI,516,287,"93, 434, 432, 528, 786, 9999",2,29/10/2001,2,04/12/2008,1,1,21/10/1993,1,04/12/2008,1,84,1,1,2,0,3,11239,28000,28000,7200000,7200000,1,0,1,0,1,0,0,0,2,2,2,UN,1014,0,AU,2400,-88,-88,0,1,0,-88,1,1,0,-88,-88,1,06/2003,04/12/2008,1,01/06/2004,31/12/2006,1,04/2003,31/12/2006,0,-88,-88,0,-88,-88,1,04/2003,04/12/2008,0,-88,-88,0,-88,-88,1,5650,78,78,202,202,0,2,0,-88,0,-88,1,0,0,0,0,0,0,0,0,3.84,679,1.86,1,24,0,-88,0
Burundi 2001-2008,2005,BDI,516,287,"93, 434, 432, 528, 786, 9999",2,29/10/2001,2,04/12/2008,1,1,21/10/1993,1,04/12/2008,1,84,1,1,2,0,3,11239,28000,28000,7400000,7400000,1,0,1,0,1,0,0,0,2,2,2,UN,1014,0,-88,-88,-88,-88,0,1,0,-88,1,1,0,-88,-88,1,06/2003,04/12/2008,1,01/06/2004,31/12/2006,1,04/2003,31/12/2006,0,-88,-88,0,-88,-88,1,04/2003,04/12/2008,0,-88,-88,0,-88,-88,1,5348,72,72,191,191,0,2,0,-88,0,-88,1,0,0,0,0,0,0,0,0,3.84,378,1.04,1,24,0,-88,0
Burundi 2001-2008,2006,BDI,516,287,"93, 434, 432, 528, 786, 9999",2,29/10/2001,2,04/12/2008,1,1,21/10/1993,1,04/12/2008,1,84,1,1,2,0,3,11239,28000,28000,7700000,7700000,1,0,1,0,1,0,0,0,2,2,2,UN,1014,0,-88,-88,-88,-88,0,1,0,-88,1,1,0,-88,-88,1,06/2003,04/12/2008,1,01/06/2004,31/12/2006,1,04/2003,31/12/2006,0,-88,-88,0,-88,-88,1,04/2003,04/12/2008,0,-88,-88,0,-88,-88,1,5153,67,67,184,184,0,2,0,-88,0,-88,1,0,0,0,0,0,0,0,0,3.84,185,0.51,1,24,0,-88,0
Burundi 2001-2008,2007,BDI,516,287,"93, 434, 432, 528, 786, 9999",2,29/10/2001,2,04/12/2008,1,1,21/10/1993,1,04/12/2008,1,84,1,1,2,0,3,11239,28000,28000,7900000,7900000,1,0,1,0,1,0,0,0,2,2,2,AU,2400,0,UN,1014,-88,-88,0,1,0,-88,1,1,0,-88,-88,1,06/2003,04/12/2008,1,01/06/2004,31/12/2006,0,-88,-88,0,-88,-88,0,-88,-88,1,04/2003,04/12/2008,0,-88,-88,0,-88,-88,1,2339,30,30,84,84,0,2,0,-88,0,-88,1,0,0,0,0,0,0,0,0,3.84,79,0.22,1,24,0,-88,0
Burundi 2001-2008,2008,BDI,516,287,"93, 434, 432, 528, 786, 9999",2,29/10/2001,2,04/12/2008,1,1,21/10/1993,1,04/12/2008,1,84,1,1,2,0,3,11239,28000,28000,8200000,8200000,1,0,1,0,1,0,0,0,2,2,2,AU,2400,0,-88,-88,-88,-88,0,1,0,-88,1,1,0,-88,-88,1,06/2003,04/12/2008,1,01/06/2004,31/12/2006,0,-88,-88,0,-88,-88,0,-88,-88,1,04/2003,04/12/2008,0,-88,-88,0,-88,-88,1,2345,29,29,84,84,0,2,0,-88,0,-88,1,0,0,0,0,0,0,0,0,3.84,220,8.15,1,24,0,-88,0
Central African Republic 2013-,2013,CAF,482,416,"86, 4201, 488, 3554, 3555, 3556, 4007, 5999, 1159, 9999",2,11/01/2013,1,0,-88,0,07/12/2009,1,0,-88,37,1,1,2,0,3,196,623000,623000,4500000,4500000,1,0,0,1,1,0,1,0,2,2,2,UN,1014,1,AU,2400,CEEAC,-88,1,1,0,-88,1,1,1,19/02/2013,-77,1,23/01/2013,-77,1,15/02/2013,-77,1,19/12/2013,-77,0,-88,-88,1,19/12/2013,-77,0,-88,-88,0,-88,-88,0,-88,-88,1,3900,87,87,6,6,-99,2,0,-88,0,-88,1,0,0,0,0,0,0,0,0,0.17,3115,8.80,1,-99,-88,-99,-99
Central African Republic 2013-,2014,CAF,482,416,"86, 4201, 488, 3554, 3555, 3556, 4007, 5999, 1159, 9999",2,11/01/2013,1,0,-88,0,07/12/2009,1,0,-88,37,1,1,2,0,3,196,623000,623000,4500000,4500000,1,0,0,1,1,0,1,0,2,2,2,UN,1014,1,AU,2400,France,220,1,1,0,-88,1,1,1,19/02/2013,-77,1,23/01/2013,-77,1,15/02/2013,-77,1,19/12/2013,-77,0,-88,-88,1,19/12/2013,-77,0,-88,-88,0,-88,-88,0,-88,-88,1,10219,227,227,16,16,-99,2,0,-88,0,-88,1,0,0,0,0,0,0,0,0,0.17,2736,7.50,1,-99,-88,-99,-99
Central African Republic 2013-,2015,CAF,482,416,"86, 4201, 488, 3554, 3555, 3556, 4007, 5999, 1159, 9999",2,11/01/2013,1,0,-88,0,07/12/2009,1,0,-88,37,1,1,2,0,3,196,623000,623000,4500000,4500000,1,0,0,1,1,0,1,0,2,2,2,UN,1014,1,France,220,EU,2220,1,1,0,-88,1,1,1,19/02/2013,-77,1,23/01/2013,-77,1,15/02/2013,-77,1,19/12/2013,-77,0,-88,-88,1,19/12/2013,-77,0,-88,-88,0,-88,-88,0,-88,-88,1,11120,247,247,18,18,-99,2,0,-88,0,-88,1,0,0,0,0,0,0,0,0,0.17,401,1.10,1,-99,-88,-99,-99
Central African Republic 2013-,2016,CAF,482,416,"86, 4201, 488, 3554, 3555, 3556, 4007, 5999, 1159, 9999",2,11/01/2013,1,0,-88,0,07/12/2009,1,0,-88,37,1,1,2,0,3,196,623000,623000,4600000,4600000,1,0,0,1,1,0,1,0,2,2,2,UN,1014,1,France,220,-88,-88,1,1,0,-88,1,1,1,19/02/2013,-77,1,23/01/2013,-77,1,15/02/2013,-77,1,19/12/2013,-77,0,-88,-88,1,19/12/2013,-77,0,-88,-88,0,-88,-88,0,-88,-88,1,10965,238,238,18,18,-99,2,0,-88,0,-88,1,0,0,0,0,0,0,0,0,0.17,385,1.05,1,-99,-88,-99,-99
Chad 2008-2010,2008,TCD,483,288,"87, 468, 716, 1069, 1112, 9999",2,28/01/2008,1,28/04/2010,1,1,11/02/2004,1,28/04/2010,1,34,1,0,2,0,3,2729,1284000,170000,11100000,1700000,1,-99,1,1,1,0,0,0,2,2,2,EU,2220,1,UN,1014,Russia,365,0,1,0,-88,1,1,0,-88,-88,0,-88,-88,1,28/01/2008,28/04/2010,1,28/01/2008,28/04/2010,0,-88,-88,0,-88,-88,0,-88,-88,0,-88,-88,0,-88,-88,1,3700,33,218,3,22,1,2,0,-88,1,Sudan,1,0,0,0,0,0,0,0,0,1.89,994,2.95,1,10,0,-88,0
Chad 2008-2010,2009,TCD,483,288,"87, 468, 716, 1069, 1112, 9999",2,28/01/2008,1,28/04/2010,1,1,11/02/2004,1,28/04/2010,1,34,1,0,2,0,3,2729,1284000,170000,11500000,1800000,1,-99,1,1,1,0,0,0,2,2,2,UN,1014,1,EU,2220,Russia,365,0,1,0,-88,1,1,0,-88,-88,0,-88,-88,1,28/01/2008,28/04/2010,1,28/01/2008,28/04/2010,0,-88,-88,0,-88,-88,0,-88,-88,0,-88,-88,0,-88,-88,1,2498,22,139,2,15,1,2,0,-88,1,Sudan,1,0,0,0,0,0,0,0,0,1.89,135,0.37,1,10,0,-88,0
Chad 2008-2010,2010,TCD,483,288,"87, 468, 716, 1069, 1112, 9999",2,28/01/2008,1,28/04/2010,1,1,11/02/2004,1,28/04/2010,1,34,1,0,2,0,3,2729,1284000,170000,11900000,1800000,1,-99,1,1,1,0,0,0,2,2,2,UN,1014,1,-88,-88,-88,-88,0,1,0,-88,1,1,0,-88,-88,0,-88,-88,1,28/01/2008,28/04/2010,1,28/01/2008,28/04/2010,0,-88,-88,0,-88,-88,0,-88,-88,0,-88,-88,0,-88,-88,1,3425,29,190,3,20,1,2,0,-88,1,Sudan,1,0,0,0,0,0,0,0,0,1.89,4,0.03,1,10,0,-88,0
Congo 1960-1964,1960,ZAR,490,"265, 266, 283","89, Government of Belgium",2,15/07/1960,1,30/06/1964,1,3,06/07/1960,2,30/11/1965,3,0,1,1,3,-99,3,-99,2345000,2345000,15200000,15200000,1,0,0,0,0,-99,-99,1,2,0,2,UN,1014,0,-88,-88,-88,-88,0,1,2,-88,1,1,0,-88,-88,1,15/07/1960,30/06/1964,1,15/07/1960,30/06/1964,0,-88,-88,0,-88,-88,1,15/07/1960,30/06/1964,0,-88,-88,0,-88,-88,0,-88,-88,1,-99,-99,-99,0,0,1,2,1,Belgium,0,-88,1,0,0,0,0,0,0,0,0,-99,-99,-99,-88,245,-88,-99,0
Congo 1960-1964,1961,ZAR,490,"265, 266, 284","89, Government of Belgium",2,15/07/1960,1,30/06/1964,1,3,06/07/1960,2,30/11/1965,3,0,1,1,3,-99,3,-99,2345000,2345000,15600000,15600000,1,0,0,0,0,-99,-99,1,2,0,2,UN,1014,0,-88,-88,-88,-88,0,1,2,-88,1,1,0,-88,-88,1,15/07/1960,30/06/1964,1,15/07/1960,30/06/1964,0,-88,-88,1,31/10/1961,14/01/1963,1,15/07/1960,30/06/1964,1,24/09/1961,14/01/1963,0,-88,-88,0,-88,-88,1,19828,127,127,8,8,1,2,1,Belgium,0,-88,1,0,0,0,0,0,0,0,0,-99,-99,-99,-88,245,-88,-99,0
Congo 1960-1964,1962,ZAR,490,"265, 266, 285","89, Government of Belgium",2,15/07/1960,1,30/06/1964,1,3,06/07/1960,2,30/11/1965,3,0,1,1,3,-99,3,-99,2345000,2345000,16000000,16000000,1,0,0,0,0,-99,-99,1,2,0,2,UN,1014,0,-88,-88,-88,-88,0,1,2,-88,1,1,0,-88,-88,1,15/07/1960,30/06/1964,1,15/07/1960,30/06/1964,0,-88,-88,1,31/10/1961,14/01/1963,1,15/07/1960,30/06/1964,1,24/09/1961,14/01/1963,1,28/12/1962,14/01/1963,0,-88,-88,1,-99,-99,-99,0,0,1,2,1,Belgium,0,-88,1,0,0,0,0,0,0,0,0,-99,-99,-99,-88,245,-88,-99,0
Congo 1960-1964,1963,ZAR,490,"265, 266, 286","89, Government of Belgium",2,15/07/1960,1,30/06/1964,1,3,06/07/1960,2,30/11/1965,3,0,1,1,3,-99,3,-99,2345000,2345000,16500000,16500000,1,0,0,0,0,-99,-99,1,2,0,2,UN,1014,0,-88,-88,-88,-88,0,1,2,-88,1,1,0,-88,-88,1,15/07/1960,30/06/1964,1,15/07/1960,30/06/1964,0,-88,-88,1,31/10/1961,14/01/1963,1,15/07/1960,30/06/1964,1,24/09/1961,14/01/1963,1,28/12/1962,14/01/1963,0,-88,-88,1,5871,36,36,3,3,1,2,1,Belgium,0,-88,1,0,0,0,0,0,0,0,0,-99,-99,-99,-88,245,-88,-99,0
Congo 1960-1964,1964,ZAR,490,"265, 266, 287","89, Government of Belgium",2,15/07/1960,1,30/06/1964,1,3,06/07/1960,2,30/11/1965,3,0,1,1,3,-99,3,-99,2345000,2345000,16900000,16900000,1,0,0,0,0,-99,-99,1,2,0,2,UN,1014,0,-88,-88,-88,-88,0,1,2,-88,1,1,0,-88,-88,1,15/07/1960,30/06/1964,1,15/07/1960,30/06/1964,0,-88,-88,0,-88,-88,1,15/07/1960,30/06/1964,0,-88,-88,0,-88,-88,0,-88,-88,1,-99,-99,-99,0,0,1,2,1,Belgium,0,-88,1,0,0,0,0,0,0,0,0,-99,-99,-99,-88,245,-88,-99,0
Côte d'Ivoire 2002-2005,2002,CIV,437,419,"76, 552, 556, 557, 558, 1453, 1459, 1510, 1109, 1110, 1111, 9999",2,22/09/2002,1,06/04/2005,1,1,19/09/2002,1,06/04/2005,1,0,1,1,2,0,2,285,322000,322000,17400000,17400000,1,0,1,0,1,0,1,0,2,2,2,France,220,1,-88,-88,-88,-88,1,1,0,-88,1,1,1,20/10/2002,06/04/2005,0,-88,-88,0,-88,-88,0,-88,-88,0,-88,-88,0,-88,-88,0,-88,-88,0,-88,-88,0,-88,-88,1,2500,14,14,8,8,1,2,0,-88,1,Burkina Faso; Liberia,1,0,0,0,0,0,0,0,0,95,704,2.66,1,-99,1,100,0
Côte d'Ivoire 2002-2005,2003,CIV,437,419,"76, 552, 556, 557, 558, 1453, 1459, 1510, 1109, 1110, 1111, 9999",2,22/09/2002,1,06/04/2005,1,1,19/09/2002,1,06/04/2005,1,0,1,1,2,0,2,285,322000,322000,17700000,17700000,1,0,1,0,1,0,1,0,2,2,2,France,220,1,ECOWAS,2420,-88,-88,1,1,0,-88,1,1,1,20/10/2002,06/04/2005,0,-88,-88,0,-88,-88,1,13/11/2003,06/04/2005,0,-88,-88,1,01/06/2003,06/04/2005,1,23/01/2003,06/04/2005,0,-88,-88,0,-88,-88,1,7200,41,41,22,22,1,2,0,-88,1,Burkina Faso; Liberia,1,0,0,0,0,0,0,0,0,95,482,1.32,1,-99,1,100,0
Côte d'Ivoire 2002-2005,2004,CIV,437,419,"76, 552, 556, 557, 558, 1453, 1459, 1510, 1109, 1110, 1111, 9999",2,22/09/2002,1,06/04/2005,1,1,19/09/2002,1,06/04/2005,1,0,1,1,2,0,2,285,322000,322000,18000000,18000000,1,0,1,0,1,0,1,0,2,2,2,France,220,1,UN,1014,-88,-88,1,1,0,-88,1,1,1,20/10/2002,06/04/2005,0,-88,-88,1,04/11/2004,06/04/2005,1,13/11/2003,06/04/2005,0,-88,-88,1,01/06/2003,06/04/2005,1,23/01/2003,06/04/2005,0,-88,-88,0,-88,-88,1,10760,60,60,33,33,1,2,0,-88,1,Burkina Faso; Liberia,1,0,0,0,0,0,0,0,0,95,262,0.72,1,-99,1,100,0
Côte d'Ivoire 2002-2005,2005,CIV,437,419,"76, 552, 556, 557, 558, 1453, 1459, 1510, 1109, 1110, 1111, 9999",2,22/09/2002,1,06/04/2005,1,1,19/09/2002,1,06/04/2005,1,0,1,1,2,0,2,285,322000,322000,18300000,18300000,1,0,1,0,1,0,1,0,2,2,2,UN,1014,1,France,220,-88,-88,1,1,0,-88,1,1,1,20/10/2002,06/04/2005,0,-88,-88,1,04/11/2004,06/04/2005,1,13/11/2003,06/04/2005,0,-88,-88,1,01/06/2003,06/04/2005,1,23/01/2003,06/04/2005,0,-88,-88,0,-88,-88,1,10155,55,55,32,32,1,2,0,-88,1,Burkina Faso; Liberia,1,0,0,0,0,0,0,0,0,95,30,0.31,1,-99,1,100,0
Côte d'Ivoire 2011,2011,CIV,437,419,"76, 558, 1109, 1125, 1131, 1139, 9999",2,01/04/2011,1,11/07/2011,1,1,03/01/2011,1,11/07/2011,1,3,1,1,2,1,2,312,322000,322000,20900000,20900000,1,-99,-99,0,0,1,1,0,2,2,0,UN,1014,1,France,220,-88,-88,1,1,1,2000,1,1,0,-88,-88,1,01/04/2011,11/07/2011,1,01/04/2011,11/07/2011,1,01/04/2011,07/05/2011,0,-88,-88,0,-88,-88,0,-88,-88,0,-88,-88,1,01/04/2011,11/04/2011,1,10650,51,51,33,33,1,1,0,-88,0,-88,1,0,0,0,0,0,0,0,1,3.18,171,1.67,1,-99,0,-88,0
DR Congo 2000-2013,2000,ZAR,490,283,"89, 423, 424, 425, 426, 72, 434, 488, 489, 528, 541, 561, 577, 603, 606, 616, 638, 645, 646, 647, 648, 653, 672, 673, 674, 789, 895, 896, 1043, 1075, 1076, 1077, 1114, 1128, 1136, 1160, 1198, 1199, 1200, 3953, 3441, 3037, 3040, 3043, 3967, 4130, 4286, 90, 93, 94, 99, 58901, 58902, 58903, 58904, 58907, 58910, 58913, 58915, 58921, 58923, 58924, 5976, 5997, 9999",2,31/10/2000,1,28/03/2013,1,2,02/08/1998,1,0,-88,27,1,1,2,1,3,16874,2345000,2345000,47100000,47100000,1,1,1,0,1,1,1,0,2,2,2,UN,1014,0,-88,-88,-88,-88,0,1,0,-88,1,1,0,-88,-88,0,-88,-88,0,-88,-88,0,-88,-88,0,-88,-88,1,-99,-99,0,-88,-88,0,-88,-88,0,-88,-88,1,24,0,0,0,0,1,2,1,Rwanda,1,Rwanda,1,0,0,0,0,0,0,0,0,20.55,488,7.87,1,230,-88,-99,0
DR Congo 2000-2013,2001,ZAR,490,283,"89, 423, 424, 425, 426, 72, 434, 488, 489, 528, 541, 561, 577, 603, 606, 616, 638, 645, 646, 647, 648, 653, 672, 673, 674, 789, 895, 896, 1043, 1075, 1076, 1077, 1114, 1128, 1136, 1160, 1198, 1199, 1200, 3953, 3441, 3037, 3040, 3043, 3967, 4130, 4286, 90, 93, 94, 99, 58901, 58902, 58903, 58904, 58907, 58910, 58913, 58915, 58921, 58923, 58924, 5976, 5997, 9999",2,31/10/2000,1,28/03/2013,1,2,02/08/1998,1,0,-88,27,1,1,2,1,3,16874,2345000,2345000,48400000,48400000,1,1,1,0,1,1,1,0,2,2,2,UN,1014,0,-88,-88,-88,-88,0,1,0,-88,1,1,0,-88,-88,0,-88,-88,0,-88,-88,0,-88,-88,0,-88,-88,1,-99,-99,0,-88,-88,0,-88,-88,0,-88,-88,1,2924,6,6,1,1,1,2,1,Rwanda,1,Rwanda,1,0,0,0,0,0,0,0,0,20.55,1334,3.65,1,230,-88,-99,0
DR Congo 2000-2013,2002,ZAR,490,283,"89, 423, 424, 425, 426, 72, 434, 488, 489, 528, 541, 561, 577, 603, 606, 616, 638, 645, 646, 647, 648, 653, 672, 673, 674, 789, 895, 896, 1043, 1075, 1076, 1077, 1114, 1128, 1136, 1160, 1198, 1199, 1200, 3953, 3441, 3037, 3040, 3043, 3967, 4130, 4286, 90, 93, 94, 99, 58901, 58902, 58903, 58904, 58907, 58910, 58913, 58915, 58921, 58923, 58924, 5976, 5997, 9999",2,31/10/2000,1,28/03/2013,1,2,02/08/1998,1,0,-88,27,1,1,2,1,3,16874,2345000,2345000,49800000,49800000,1,1,1,0,1,1,1,0,2,2,2,UN,1014,0,-88,-88,-88,-88,0,1,0,-88,1,1,0,-88,-88,0,-88,-88,1,05/2002,28/03/2013,0,-88,-88,0,-88,-88,1,-99,-99,0,-88,-88,0,-88,-88,0,-88,-88,1,3888,8,8,2,2,1,2,1,Rwanda,1,Rwanda,1,0,0,0,0,0,0,0,0,20.55,7877,21.58,1,230,-88,-99,0
DR Congo 2000-2013,2003,ZAR,490,283,"89, 423, 424, 425, 426, 72, 434, 488, 489, 528, 541, 561, 577, 603, 606, 616, 638, 645, 646, 647, 648, 653, 672, 673, 674, 789, 895, 896, 1043, 1075, 1076, 1077, 1114, 1128, 1136, 1160, 1198, 1199, 1200, 3953, 3441, 3037, 3040, 3043, 3967, 4130, 4286, 90, 93, 94, 99, 58901, 58902, 58903, 58904, 58907, 58910, 58913, 58915, 58921, 58923, 58924, 5976, 5997, 9999",2,31/10/2000,1,28/03/2013,1,2,02/08/1998,1,0,-88,27,1,1,2,1,3,16874,2345000,2345000,51400000,51400000,1,1,1,0,1,1,1,0,2,2,2,UN,1014,0,-88,-88,-88,-88,0,1,0,-88,1,1,0,-88,-88,0,-88,-88,1,05/2002,28/03/2013,1,11/2003,28/03/2013,0,-88,-88,1,-99,-99,0,-88,-88,0,-88,-88,0,-88,-88,1,9981,19,19,4,4,1,2,1,Rwanda,1,Rwanda,1,0,0,0,0,0,0,0,0,20.55,3855,10.56,1,230,-88,-99,0
DR Congo 2000-2013,2004,ZAR,490,283,"89, 423, 424, 425, 426, 72, 434, 488, 489, 528, 541, 561, 577, 603, 606, 616, 638, 645, 646, 647, 648, 653, 672, 673, 674, 789, 895, 896, 1043, 1075, 1076, 1077, 1114, 1128, 1136, 1160, 1198, 1199, 1200, 3953, 3441, 3037, 3040, 3043, 3967, 4130, 4286, 90, 93, 94, 99, 58901, 58902, 58903, 58904, 58907, 58910, 58913, 58915, 58921, 58923, 58924, 5976, 5997, 9999",2,31/10/2000,1,28/03/2013,1,2,02/08/1998,1,0,-88,27,1,1,2,1,3,16874,2345000,2345000,53000000,53000000,1,1,1,0,1,1,1,0,2,2,2,UN,1014,0,-88,-88,-88,-88,0,1,0,-88,1,1,0,-88,-88,1,01/10/2004,28/03/2013,1,05/2002,28/03/2013,1,11/2003,28/03/2013,0,-88,-88,1,-99,-99,1,12/2004,28/03/2013,0,-88,-88,0,-88,-88,1,11903,22,22,5,5,1,2,1,Rwanda,1,Rwanda,1,0,0,0,0,0,0,0,0,20.55,815,2.23,1,230,-88,-99,0
DR Congo 2000-2013,2005,ZAR,490,283,"89, 423, 424, 425, 426, 72, 434, 488, 489, 528, 541, 561, 577, 603, 606, 616, 638, 645, 646, 647, 648, 653, 672, 673, 674, 789, 895, 896, 1043, 1075, 1076, 1077, 1114, 1128, 1136, 1160, 1198, 1199, 1200, 3953, 3441, 3037, 3040, 3043, 3967, 4130, 4286, 90, 93, 94, 99, 58901, 58902, 58903, 58904, 58907, 58910, 58913, 58915, 58921, 58923, 58924, 5976, 5997, 9999",2,31/10/2000,1,28/03/2013,1,2,02/08/1998,1,0,-88,27,1,1,2,1,3,16874,2345000,2345000,54800000,54800000,1,1,1,0,1,1,1,0,2,2,2,UN,1014,0,-88,-88,-88,-88,0,1,0,-88,1,1,0,-88,-88,1,01/10/2004,28/03/2013,1,05/2002,28/03/2013,1,11/2003,28/03/2013,0,-88,-88,1,-99,-99,1,12/2004,28/03/2013,0,-88,-88,0,-88,-88,1,15046,27,27,6,6,1,2,1,Rwanda,1,Rwanda,1,0,0,0,0,0,0,0,0,20.55,283,0.78,1,230,-88,-99,0
DR Congo 2000-2013,2006,ZAR,490,283,"89, 423, 424, 425, 426, 72, 434, 488, 489, 528, 541, 561, 577, 603, 606, 616, 638, 645, 646, 647, 648, 653, 672, 673, 674, 789, 895, 896, 1043, 1075, 1076, 1077, 1114, 1128, 1136, 1160, 1198, 1199, 1200, 3953, 3441, 3037, 3040, 3043, 3967, 4130, 4286, 90, 93, 94, 99, 58901, 58902, 58903, 58904, 58907, 58910, 58913, 58915, 58921, 58923, 58924, 5976, 5997, 9999",2,31/10/2000,1,28/03/2013,1,2,02/08/1998,1,0,-88,27,1,1,2,1,3,16874,2345000,2345000,56500000,56500000,1,1,1,0,1,1,1,0,2,2,2,UN,1014,0,-88,-88,-88,-88,0,1,0,-88,1,1,0,-88,-88,1,01/10/2004,28/03/2013,1,05/2002,28/03/2013,1,11/2003,28/03/2013,0,-88,-88,1,-99,-99,1,12/2004,28/03/2013,0,-88,-88,0,-88,-88,1,16487,29,29,7,7,1,2,1,Rwanda,1,Rwanda,1,0,0,0,0,0,0,0,0,20.55,387,1.06,1,230,-88,-99,0
DR Congo 2000-2013,2007,ZAR,490,283,"89, 423, 424, 425, 426, 72, 434, 488, 489, 528, 541, 561, 577, 603, 606, 616, 638, 645, 646, 647, 648, 653, 672, 673, 674, 789, 895, 896, 1043, 1075, 1076, 1077, 1114, 1128, 1136, 1160, 1198, 1199, 1200, 3953, 3441, 3037, 3040, 3043, 3967, 4130, 4286, 90, 93, 94, 99, 58901, 58902, 58903, 58904, 58907, 58910, 58913, 58915, 58921, 58923, 58924, 5976, 5997, 9999",2,31/10/2000,1,28/03/2013,1,2,02/08/1998,1,0,-88,27,1,1,2,1,3,16874,2345000,2345000,58400000,58400000,1,1,1,0,1,1,1,0,2,2,2,UN,1014,0,-88,-88,-88,-88,0,1,0,-88,1,1,0,-88,-88,1,01/10/2004,28/03/2013,1,05/2002,28/03/2013,1,11/2003,28/03/2013,0,-88,-88,1,-99,-99,1,12/2004,28/03/2013,0,-88,-88,0,-88,-88,1,16614,28,28,7,7,1,2,1,Rwanda,1,Rwanda,1,0,0,0,0,0,0,0,0,20.55,903,2.47,1,230,-88,-99,0
DR Congo 2000-2013,2008,ZAR,490,283,"89, 423, 424, 425, 426, 72, 434, 488, 489, 528, 541, 561, 577, 603, 606, 616, 638, 645, 646, 647, 648, 653, 672, 673, 674, 789, 895, 896, 1043, 1075, 1076, 1077, 1114, 1128, 1136, 1160, 1198, 1199, 1200, 3953, 3441, 3037, 3040, 3043, 3967, 4130, 4286, 90, 93, 94, 99, 58901, 58902, 58903, 58904, 58907, 58910, 58913, 58915, 58921, 58923, 58924, 5976, 5997, 9999",2,31/10/2000,1,28/03/2013,1,2,02/08/1998,1,0,-88,27,1,1,2,1,3,16874,2345000,2345000,60400000,60400000,1,1,1,0,1,1,1,0,2,2,2,UN,1014,0,-88,-88,-88,-88,0,1,0,-88,1,1,0,-88,-88,1,01/10/2004,28/03/2013,1,05/2002,28/03/2013,1,11/2003,28/03/2013,0,-88,-88,1,-99,-99,1,12/2004,28/03/2013,0,-88,-88,0,-88,-88,1,16603,27,27,7,7,1,2,1,Rwanda,1,Rwanda,1,0,0,0,0,0,0,0,0,20.55,1373,3.75,1,230,-88,-99,0
DR Congo 2000-2013,2009,ZAR,490,283,"89, 423, 424, 425, 426, 72, 434, 488, 489, 528, 541, 561, 577, 603, 606, 616, 638, 645, 646, 647, 648, 653, 672, 673, 674, 789, 895, 896, 1043, 1075, 1076, 1077, 1114, 1128, 1136, 1160, 1198, 1199, 1200, 3953, 3441, 3037, 3040, 3043, 3967, 4130, 4286, 90, 93, 94, 99, 58901, 58902, 58903, 58904, 58907, 58910, 58913, 58915, 58921, 58923, 58924, 5976, 5997, 9999",2,31/10/2000,1,28/03/2013,1,2,02/08/1998,1,0,-88,27,1,1,2,1,3,16874,2345000,2345000,62400000,62400000,1,1,1,0,1,1,1,0,2,2,2,UN,1014,0,-88,-88,-88,-88,0,1,0,-88,1,1,0,-88,-88,1,01/10/2004,28/03/2013,1,05/2002,28/03/2013,1,11/2003,28/03/2013,0,-88,-88,1,-99,-99,1,12/2004,28/03/2013,0,-88,-88,0,-88,-88,1,18646,30,30,8,8,1,2,1,Rwanda,1,Rwanda,1,0,0,0,0,0,0,0,0,20.55,5161,14.14,1,230,-88,-99,0
DR Congo 2000-2013,2010,ZAR,490,283,"89, 423, 424, 425, 426, 72, 434, 488, 489, 528, 541, 561, 577, 603, 606, 616, 638, 645, 646, 647, 648, 653, 672, 673, 674, 789, 895, 896, 1043, 1075, 1076, 1077, 1114, 1128, 1136, 1160, 1198, 1199, 1200, 3953, 3441, 3037, 3040, 3043, 3967, 4130, 4286, 90, 93, 94, 99, 58901, 58902, 58903, 58904, 58907, 58910, 58913, 58915, 58921, 58923, 58924, 5976, 5997, 9999",2,31/10/2000,1,28/03/2013,1,2,02/08/1998,1,0,-88,27,1,1,2,1,3,16874,2345000,2345000,64500000,64500000,1,1,1,0,1,1,1,0,2,2,2,UN,1014,0,-88,-88,-88,-88,0,1,0,-88,1,1,0,-88,-88,1,01/10/2004,28/03/2013,1,05/2002,28/03/2013,1,11/2003,28/03/2013,0,-88,-88,1,-99,-99,1,12/2004,28/03/2013,0,-88,-88,0,-88,-88,1,17129,27,27,7,7,1,2,1,Rwanda,1,Rwanda,1,0,0,0,0,0,0,0,0,20.55,805,2.21,1,230,-88,-99,0
DR Congo 2000-2013,2011,ZAR,490,283,"89, 423, 424, 425, 426, 72, 434, 488, 489, 528, 541, 561, 577, 603, 606, 616, 638, 645, 646, 647, 648, 653, 672, 673, 674, 789, 895, 896, 1043, 1075, 1076, 1077, 1114, 1128, 1136, 1160, 1198, 1199, 1200, 3953, 3441, 3037, 3040, 3043, 3967, 4130, 4286, 90, 93, 94, 99, 58901, 58902, 58903, 58904, 58907, 58910, 58913, 58915, 58921, 58923, 58924, 5976, 5997, 9999",2,31/10/2000,1,28/03/2013,1,2,02/08/1998,1,0,-88,27,1,1,2,1,3,16874,2345000,2345000,66700000,66700000,1,1,1,0,1,1,1,0,2,2,2,UN,1014,0,-88,-88,-88,-88,0,1,0,-88,1,1,0,-88,-88,1,01/10/2004,28/03/2013,1,05/2002,28/03/2013,1,11/2003,28/03/2013,0,-88,-88,1,-99,-99,1,12/2004,28/03/2013,0,-88,-88,0,-88,-88,1,16854,25,25,7,7,1,2,1,Rwanda,1,Rwanda,1,0,0,0,0,0,0,0,0,20.55,491,1.35,1,230,-88,-99,0
DR Congo 2000-2013,2012,ZAR,490,283,"89, 423, 424, 425, 426, 72, 434, 488, 489, 528, 541, 561, 577, 603, 606, 616, 638, 645, 646, 647, 648, 653, 672, 673, 674, 789, 895, 896, 1043, 1075, 1076, 1077, 1114, 1128, 1136, 1160, 1198, 1199, 1200, 3953, 3441, 3037, 3040, 3043, 3967, 4130, 4286, 90, 93, 94, 99, 58901, 58902, 58903, 58904, 58907, 58910, 58913, 58915, 58921, 58923, 58924, 5976, 5997, 9999",2,31/10/2000,1,28/03/2013,1,2,02/08/1998,1,0,-88,27,1,1,2,1,3,16874,2345000,2345000,69000000,69000000,1,1,1,0,1,1,1,0,2,2,2,UN,1014,0,-88,-88,-88,-88,0,1,0,-88,1,1,0,-88,-88,1,01/10/2004,28/03/2013,1,05/2002,28/03/2013,1,11/2003,28/03/2013,0,-88,-88,1,-99,-99,1,12/2004,28/03/2013,0,-88,-88,0,-88,-88,1,17090,25,25,7,7,1,2,1,Rwanda,1,Rwanda,1,0,0,0,0,0,0,0,0,20.55,1795,4.90,1,230,-88,-99,0
DR Congo 2000-2013,2013,ZAR,490,283,"89, 423, 424, 425, 426, 72, 434, 488, 489, 528, 541, 561, 577, 603, 606, 616, 638, 645, 646, 647, 648, 653, 672, 673, 674, 789, 895, 896, 1043, 1075, 1076, 1077, 1114, 1128, 1136, 1160, 1198, 1199, 1200, 3953, 3441, 3037, 3040, 3043, 3967, 4130, 4286, 90, 93, 94, 99, 58901, 58902, 58903, 58904, 58907, 58910, 58913, 58915, 58921, 58923, 58924, 5976, 5997, 9999",2,31/10/2000,1,28/03/2013,1,2,02/08/1998,1,0,-88,27,1,1,2,1,3,16874,2345000,2345000,71300000,71300000,1,1,1,0,1,1,1,0,2,2,2,UN,1014,0,-88,-88,-88,-88,0,1,0,-88,1,1,0,-88,-88,1,01/10/2004,28/03/2013,1,05/2002,28/03/2013,1,11/2003,28/03/2013,0,-88,-88,1,-99,-99,1,12/2004,28/03/2013,0,-88,-88,0,-88,-88,1,17273,24,24,7,7,1,2,1,Rwanda,1,Rwanda,1,0,0,0,0,0,0,0,0,20.55,375,4.26,1,230,-88,-99,0
DR Congo 2003,2003,ZAR,490,283,"89, 616, 606, 638, 1076, 58903, 9999",2,06/06/2003,1,01/09/2003,1,2,30/01/2002,1,05/09/2003,1,15,0,1,2,1,3,1404,2345000,300,51400000,300000,1,0,0,1,1,1,1,0,2,2,2,EU,2220,1,-88,-88,-88,-88,0,1,0,-88,1,1,0,-88,-88,0,-88,-88,1,14/06/2003,01/09/2003,1,06/06/2003,01/09/2003,0,-88,-88,1,25/06/2003,01/09/2003,0,-88,-88,0,-88,-88,0,-88,-88,1,1000,2,333,0,3333,1,1,0,-88,0,-88,1,0,0,0,0,0,0,0,1,2.85,5,0.06,1,0,-88,-99,0
DR Congo 2013-,2013,ZAR,490,283,"89,489, 528, 1136, 1160, 1200, 3441, 3037, 3040, 90, 5821, 3043, 4130, 4314, 5822, 5976, 9999",2,28/03/2013,2,0,-88,0,01/04/2012,2,0,-88,12,1,1,2,1,3,1812,2345000,125000,71300000,10600000,1,0,0,0,1,1,1,0,2,2,2,UN,1014,0,-88,-88,-88,-88,0,1,2,2000,1,1,0,-88,-88,1,28/03/2013,-77,1,28/03/2013,-77,1,28/03/2013,-77,0,-88,-88,1,28/03/2013,-77,0,-88,-88,0,-88,-88,0,-88,-88,1,19373,27,183,8,155,1,2,1,Rwanda,1,Rwanda,1,0,0,0,0,0,0,0,0,5.02,1566,16.14,-88,-99,-88,-99,0
DR Congo 2013-,2014,ZAR,490,283,"89,489, 528, 1136, 1160, 1200, 3441, 3037, 3040, 90, 5821, 3043, 4130, 4314, 5822, 5976, 9999",2,28/03/2013,2,0,-88,0,01/04/2012,2,0,-88,12,1,1,2,1,3,1812,2345000,125000,73700000,11000000,1,0,0,0,1,1,1,0,2,2,2,UN,1014,0,-88,-88,-88,-88,0,1,2,2000,1,1,0,-88,-88,1,28/03/2013,-77,1,28/03/2013,-77,1,28/03/2013,-77,0,-88,-88,1,28/03/2013,-77,0,-88,-88,0,-88,-88,0,-88,-88,1,19561,27,178,8,156,1,2,1,Rwanda,1,Rwanda,1,0,0,0,0,0,0,0,0,5.02,1347,3.69,-88,-99,-88,-99,0
DR Congo 2013-,2015,ZAR,490,283,"89,489, 528, 1136, 1160, 1200, 3441, 3037, 3040, 90, 5821, 3043, 4130, 4314, 5822, 5976, 9999",2,28/03/2013,2,0,-88,0,01/04/2012,2,0,-88,12,1,1,2,1,3,1812,2345000,125000,76200000,11300000,1,0,0,0,1,1,1,0,2,2,2,UN,1014,0,-88,-88,-88,-88,0,1,2,2000,1,1,0,-88,-88,1,28/03/2013,-77,1,28/03/2013,-77,1,28/03/2013,-77,0,-88,-88,1,28/03/2013,-77,0,-88,-88,0,-88,-88,0,-88,-88,1,17048,22,151,7,136,1,2,1,Rwanda,1,Rwanda,1,0,0,0,0,0,0,0,0,5.02,509,1.39,-88,-99,-88,-99,0
DR Congo 2013-,2016,ZAR,490,283,"89,489, 528, 1136, 1160, 1200, 3441, 3037, 3040, 90, 5821, 3043, 4130, 4314, 5822, 5976, 9999",2,28/03/2013,2,0,-88,0,01/04/2012,2,0,-88,12,1,1,2,1,3,1812,2345000,125000,78700000,11700000,1,0,0,0,1,1,1,0,2,2,2,UN,1014,0,-88,-88,-88,-88,0,1,2,2000,1,1,0,-88,-88,1,28/03/2013,-77,1,28/03/2013,-77,1,28/03/2013,-77,0,-88,-88,1,28/03/2013,-77,0,-88,-88,0,-88,-88,0,-88,-88,1,16797,21,144,7,134,1,2,1,Rwanda,1,Rwanda,1,0,0,0,0,0,0,0,0,5.02,661,1.81,-88,-99,-88,-99,0
East Timor 1999,1999,TMP,860,330,"155, 290, 9999",2,20/09/1999,1,22/11/1999,2,1,04/09/1999,2,22/11/1999,2,1,1,1,1,0,2,450,15000,15000,900000,900000,6,1,0,1,0,1,1,0,2,1,1,Australia,900,0,Thailand,800,New Zealand,920,0,1,0,-88,1,1,0,-88,-88,1,20/09/1999,22/11/1999,1,20/09/1999,22/11/1999,1,09/1999,22/11/1999,0,-88,-88,0,-88,-88,0,-88,-88,0,-88,-88,0,-88,-88,1,9300,1033,1033,620,620,1,2,0,-88,1,Indonesia,1,0,0,0,0,0,0,0,1,28.12,78,1.22,2,0,0,-88,0
Georgia (Abkhazia) 1992-1993,1992,GEO,372,392,"63, 342",2,14/08/1992,1,01/12/1993,1,1,14/08/1992,1,01/12/1993,2,0,1,1,1,0,2,-99,70000,8660,4900000,400000,4,0,1,0,1,-99,-99,0,0,0,1,Russia,365,1,-88,-88,-88,-88,1,1,0,-88,1,-77,0,-88,-88,0,-88,-88,0,-88,-88,0,-88,-88,0,-88,-88,0,-88,-88,0,-88,-88,1,14/08/1992,01/10/1993,0,-88,-88,1,2500,51,625,36,289,1,2,0,-88,0,-88,1,0,0,0,0,0,0,0,0,-99,557,4.01,1,-99,0,-88,0
Georgia (Abkhazia) 1992-1993,1993,GEO,372,392,"63, 342",2,14/08/1992,1,01/12/1993,1,1,14/08/1992,1,01/12/1993,2,0,1,1,1,0,2,-99,70000,8660,4900000,400000,4,0,1,0,1,-99,-99,0,0,0,1,Russia,365,1,-88,-88,-88,-88,1,1,0,-88,1,-77,0,-88,-88,0,-88,-88,0,-88,-88,0,-88,-88,0,-88,-88,0,-88,-88,0,-88,-88,1,14/08/1992,01/10/1993,0,-88,-88,1,2500,51,625,36,289,,,,,,,1,0,0,0,0,0,0,0,0,-99,1541,4.60,1,-99,0,-88,0
Haiti 1994,1994,HTI,41,381,"6, 6172, 6173",2,19/09/1994,1,15/10/1994,2,1,27/12/1993,1,15/10/1994,5,9,0,1,2,0,2,162,28000,28000,7700000,7700000,2,0,0,0,0,1,1,0,2,2,2,USA,2,1,Bangladesh,771,Caricom,-88,0,1,1,7400,1,1,0,-88,-88,1,19/09/1994,15/10/1994,1,19/09/1994,15/10/1994,1,19/09/1994,15/10/1994,0,-88,-88,0,-88,-88,1,24/09/1994,15/10/1994,0,-88,-88,1,19/09/1994,15/10/1994,1,21000,273,273,750,750,0,2,0,-88,0,-88,1,0,0,0,0,0,0,0,1,0.61,7,0.27,2,0,0,-88,0
Haiti 2004-2005,2004,HTI,41,381,"6, 765, 6172, 9999",2,29/02/2004,1,31/12/2005,5,1,05/02/2004,1,31/12/2005,5,1,1,0,2,0,2,146,28000,28000,9100000,9100000,2,0,0,0,0,0,0,0,2,2,2,UN,1014,1,USA,2,France,220,1,1,0,-88,1,1,0,-88,-88,1,29/02/2004,31/12/2005,1,29/02/2004,31/12/2005,1,29/02/2004,31/12/2005,0,-88,-88,0,-88,-88,0,-88,-88,0,-88,-88,0,-88,-88,1,6008,66,66,215,215,0,2,0,-88,0,-88,1,0,0,0,0,0,0,0,0,5.21,207,0.68,2,12,0,-88,0
Haiti 2004-2005,2005,HTI,41,381,"6, 765, 6172, 9999",2,29/02/2004,1,31/12/2005,5,1,05/02/2004,1,31/12/2005,5,1,1,0,2,0,2,146,28000,28000,9300000,9300000,2,0,0,0,0,0,0,0,2,2,2,UN,1014,1,-88,-88,-88,-88,0,1,0,-88,1,1,0,-88,-88,1,29/02/2004,31/12/2005,1,29/02/2004,31/12/2005,1,29/02/2004,31/12/2005,0,-88,-88,0,-88,-88,0,-88,-88,0,-88,-88,0,-88,-88,1,6381,69,69,228,228,0,2,0,-88,0,-88,1,0,0,0,0,0,0,0,0,5.21,40,0.11,2,12,0,-88,0
Iraq (Kurds) 1991-1997,1991,IRQ,645,271,"116, 231, 260, 261, 323, 823, 9999",2,07/04/1991,1,10/11/1997,1,1,05/03/1991,2,10/11/1997,1,1,1,1,1,1,2,1580,438000,40000,17900000,5800000,5,0,0,0,0,1,1,0,0,0,0,USA,2,1,UK,200,France,220,1,1,1,387500,1,1,0,-88,-88,0,-88,-88,1,07/04/1991,10/11/1997,1,07/04/1991,15/07/1991,1,10/04/1991,10/11/1997,1,19/04/1991,15/07/1991,0,-88,-88,0,-88,-88,0,-88,-88,1,23242,130,401,53,581,1,1,0,0,0,-88,1,0,0,0,0,0,0,0,0,47.88,301,1.12,1,0,1,17,0
Iraq (Kurds) 1991-1997,1992,IRQ,645,271,"116, 231, 260, 261, 323, 823, 9999",2,07/04/1991,1,10/11/1997,1,1,05/03/1991,2,10/11/1997,1,1,1,1,1,1,2,1580,438000,40000,18500000,6000000,5,0,0,0,0,1,1,0,0,0,0,USA,2,1,UK,200,France,220,1,1,1,387500,1,1,0,-88,-88,0,-88,-88,1,07/04/1991,10/11/1997,0,-88,-88,1,10/04/1991,10/11/1997,0,-88,-88,0,-88,-88,0,-88,-88,0,-88,-88,1,-99,-99,-99,0,-2,1,1,0,0,0,-88,1,0,0,0,0,0,0,0,0,47.88,128,0.35,1,0,1,17,0
Iraq (Kurds) 1991-1997,1993,IRQ,645,271,"116, 231, 260, 261, 323, 823, 9999",2,07/04/1991,1,10/11/1997,1,1,05/03/1991,2,10/11/1997,1,1,1,1,1,1,2,1580,438000,40000,19000000,6200000,5,0,0,0,0,1,1,0,0,0,0,USA,2,1,UK,200,France,220,1,1,1,387500,1,1,0,-88,-88,0,-88,-88,1,07/04/1991,10/11/1997,0,-88,-88,1,10/04/1991,10/11/1997,0,-88,-88,0,-88,-88,0,-88,-88,0,-88,-88,1,-99,-99,-99,0,-2,1,1,0,0,0,-88,1,0,0,0,0,0,0,0,0,47.88,158,0.43,1,0,1,17,0
Iraq (Kurds) 1991-1997,1994,IRQ,645,271,"116, 231, 260, 261, 323, 823, 9999",2,07/04/1991,1,10/11/1997,1,1,05/03/1991,2,10/11/1997,1,1,1,1,1,1,2,1580,438000,40000,19600000,6400000,5,0,0,0,0,1,1,0,0,0,0,USA,2,1,UK,200,France,220,1,1,1,387500,1,1,0,-88,-88,0,-88,-88,1,07/04/1991,10/11/1997,0,-88,-88,1,10/04/1991,10/11/1997,0,-88,-88,0,-88,-88,0,-88,-88,0,-88,-88,1,-99,-99,-99,0,-2,1,1,0,0,0,-88,1,0,0,0,0,0,0,0,0,47.88,824,2.26,1,0,1,17,0
Iraq (Kurds) 1991-1997,1995,IRQ,645,271,"116, 231, 260, 261, 323, 823, 9999",2,07/04/1991,1,10/11/1997,1,1,05/03/1991,2,10/11/1997,1,1,1,1,1,1,2,1580,438000,40000,20200000,6500000,5,0,0,0,0,1,1,0,0,0,0,USA,2,1,UK,200,France,220,1,1,1,387500,1,1,0,-88,-88,0,-88,-88,1,07/04/1991,10/11/1997,0,-88,-88,1,10/04/1991,10/11/1997,0,-88,-88,0,-88,-88,0,-88,-88,0,-88,-88,1,-99,-99,-99,0,-2,1,1,0,0,0,-88,1,0,0,0,0,0,0,0,0,47.85,1003,2.75,1,0,1,17,0
Iraq (Kurds) 1991-1997,1996,IRQ,645,271,"116, 231, 260, 261, 323, 823, 9999",2,07/04/1991,1,10/11/1997,1,1,05/03/1991,2,10/11/1997,1,1,1,1,1,1,2,1580,438000,40000,20800000,6700000,5,0,0,0,0,1,1,0,0,0,0,USA,2,1,UK,200,France,220,1,1,1,387500,1,1,0,-88,-88,0,-88,-88,1,07/04/1991,10/11/1997,0,-88,-88,1,10/04/1991,10/11/1997,0,-88,-88,0,-88,-88,0,-88,-88,0,-88,-88,1,-99,-99,-99,0,-2,1,1,0,0,0,-88,1,0,0,0,0,0,0,0,0,47.88,718,1.96,1,0,1,17,0
Iraq (Kurds) 1991-1997,1997,IRQ,645,271,"116, 231, 260, 261, 323, 823, 9999",2,07/04/1991,1,10/11/1997,1,1,05/03/1991,2,10/11/1997,1,1,1,1,1,1,2,1580,438000,40000,21500000,7000000,5,0,0,0,0,1,1,0,0,0,0,USA,2,1,UK,200,-88,-88,1,1,1,387500,1,1,0,-88,-88,0,-88,-88,1,07/04/1991,10/11/1997,0,-88,-88,1,10/04/1991,10/11/1997,0,-88,-88,0,-88,-88,0,-88,-88,0,-88,-88,1,1400,7,20,3,35,1,1,0,0,0,-88,1,0,0,0,0,0,0,0,0,47.88,2119,5.81,1,0,1,17,0
Iraq (South) 1992-1996,1992,IRQ,645,259,"116, 231, 9999",2,27/08/1992,1,31/12/1996,5,1,01/03/1991,2,31/12/1996,5,18,1,1,2,0,2,811,438000,131000,18500000,5600000,5,0,0,0,0,1,1,0,0,0,0,USA,2,1,UK,200,France,220,1,1,1,382500,1,1,0,-88,-88,0,-88,-88,0,-88,-88,0,-88,-88,1,27/08/1992,31/12/1996,0,-88,-88,0,-88,-88,0,-88,-88,0,-88,-88,0,-88,0,0,0,-1,1,2,0,-88,0,-88,1,0,0,0,0,0,0,0,0,1.49,418,3.34,1,19,1,33,0
Iraq (South) 1992-1996,1993,IRQ,645,259,"116, 231, 9999",2,27/08/1992,1,31/12/1996,5,1,01/03/1991,2,31/12/1996,5,18,1,1,2,0,2,811,438000,131000,19000000,5800000,5,0,0,0,0,1,1,0,0,0,0,USA,2,1,UK,200,France,220,1,1,1,382500,1,1,0,-88,-88,0,-88,-88,0,-88,-88,0,-88,-88,1,27/08/1992,31/12/1996,0,-88,-88,0,-88,-88,0,-88,-88,0,-88,-88,0,-88,0,0,0,-1,1,2,0,-88,0,-88,1,0,0,0,0,0,0,0,0,1.49,175,0.48,1,19,1,33,0
Iraq (South) 1992-1996,1994,IRQ,645,259,"116, 231, 9999",2,27/08/1992,1,31/12/1996,5,1,01/03/1991,2,31/12/1996,5,18,1,1,2,0,2,811,438000,131000,19600000,5900000,5,0,0,0,0,1,1,0,0,0,0,USA,2,1,UK,200,France,220,1,1,1,382500,1,1,0,-88,-88,0,-88,-88,0,-88,-88,0,-88,-88,1,27/08/1992,31/12/1996,0,-88,-88,0,-88,-88,0,-88,-88,0,-88,-88,0,-88,0,0,0,-1,1,2,0,-88,0,-88,1,0,0,0,0,0,0,0,0,1.49,69,0.19,1,19,1,33,0
Iraq (South) 1992-1996,1995,IRQ,645,259,"116, 231, 9999",2,27/08/1992,1,31/12/1996,5,1,01/03/1991,2,31/12/1996,5,18,1,1,2,0,2,811,438000,131000,20200000,6100000,5,0,0,0,0,1,1,0,0,0,0,USA,2,1,UK,200,France,220,1,1,1,382500,1,1,0,-88,-88,0,-88,-88,0,-88,-88,0,-88,-88,1,27/08/1992,31/12/1996,0,-88,-88,0,-88,-88,0,-88,-88,0,-88,-88,0,-88,0,0,0,-1,1,2,0,-88,0,-88,1,0,0,0,0,0,0,0,0,1.49,425,1.16,1,19,1,33,0
Iraq (South) 1992-1996,1996,IRQ,645,259,"116, 231, 9999",2,27/08/1992,1,31/12/1996,5,1,01/03/1991,2,31/12/1996,5,18,1,1,2,0,2,811,438000,131000,20800000,6300000,5,0,0,0,0,1,1,0,0,0,0,USA,2,1,UK,200,France,220,1,1,1,382500,1,1,0,-88,-88,0,-88,-88,0,-88,-88,0,-88,-88,1,27/08/1992,31/12/1996,0,-88,-88,0,-88,-88,0,-88,-88,0,-88,-88,0,-88,0,0,0,-1,1,2,0,-88,0,-88,1,0,0,0,0,0,0,0,0,1.49,46,0.13,1,19,1,33,0
Iraq 2014-,2014,IRQ,645,259,"116, 234, 4359, 9999",2,08/08/2014,1,0,-88,0,06/2014,3,0,-88,2,1,1,3,1,2,8317,438000,438000,35000000,35000000,5,-99,-99,0,0,1,1,0,0,2,2,USA,2,1,UK,200,Australia,900,1,1,2,31000,1,1,0,-88,-88,0,-88,-88,1,08/08/2014,-77,1,08/08/2014,-77,0,-88,-88,0,-88,-88,0,-88,-88,1,08/08/2014,-77,0,-88,-88,0,-88,0,0,0,0,1,2,0,-88,0,-88,1,0,0,0,0,0,0,0,0,122.31,6443,44.43,-88,-99,-88,-99,0
Iraq 2014-,2015,IRQ,645,259,"116, 234, 4359, 9999",2,08/08/2014,1,0,-88,0,06/2014,3,0,-88,2,1,1,3,1,2,8317,438000,438000,36100000,36100000,5,-99,-99,0,0,1,1,0,0,2,2,USA,2,1,UK,200,Australia,900,1,1,2,31000,1,1,0,-88,-88,0,-88,-88,1,08/08/2014,-77,1,08/08/2014,-77,0,-88,-88,0,-88,-88,0,-88,-88,1,08/08/2014,-77,0,-88,-88,0,-88,0,0,0,0,1,2,0,-88,0,-88,1,0,0,0,0,0,0,0,0,122.31,11236,30.78,-88,-99,-88,-99,0
Iraq 2014-,2016,IRQ,645,259,"116, 234, 4359, 9999",2,08/08/2014,1,0,-88,0,06/2014,3,0,-88,2,1,1,3,1,2,8317,438000,438000,37200000,37200000,5,-99,-99,0,0,1,1,0,0,2,2,USA,2,1,UK,200,Australia,900,1,1,2,31000,1,1,0,-88,-88,0,-88,-88,1,08/08/2014,-77,1,08/08/2014,-77,0,-88,-88,0,-88,-88,0,-88,-88,1,08/08/2014,-77,0,-88,-88,0,-88,0,0,0,0,1,2,0,-88,0,-88,1,0,0,0,0,0,0,0,0,122.31,11010,30.08,-88,-99,-88,-99,0
Lebanon 1976-1979,1976,LBN,660,260,"119, 204, 205, 237, 242",1,21/10/1976,1,30/04/1979,3,3,13/04/1975,1,13/10/1990,1,18,1,1,2,1,3,-99,10000,10000,2600000,2600000,5,0,0,0,0,-99,-99,1,0,2,2,Arab League,619,0,-88,-88,-88,-88,0,1,0,-88,1,1,1,15/11/1976,30/04/1979,1,21/10/1976,30/04/1979,-99,-88,-88,0,-88,-88,0,-88,-88,0,-88,-88,1,21/10/1976,30/04/1979,0,-88,-88,0,-88,-88,1,25100,965,965,2510,2510,0,2,0,-88,0,-88,-99,-99,-99,0,0,0,0,0,0,-99,-99,-99,-88,-99,-88,-88,0
Lebanon 1976-1979,1977,LBN,660,260,"119, 204, 205, 237, 242",1,21/10/1976,1,30/04/1979,3,3,13/04/1975,1,13/10/1990,1,18,1,1,2,1,3,-99,10000,10000,2600000,2600000,5,0,0,0,0,-99,-99,1,0,2,2,Arab League,619,0,-88,-88,-88,-88,0,1,0,-88,1,1,1,15/11/1976,30/04/1979,1,21/10/1976,30/04/1979,-99,-88,-88,0,-88,-88,0,-88,-88,0,-88,-88,1,21/10/1976,30/04/1979,0,-88,-88,0,-88,-88,1,-99,-99,-99,-99,-99,0,2,0,-88,0,-88,-99,-99,-99,0,0,0,0,0,0,-99,-99,-99,-88,-99,-88,-88,0
Lebanon 1976-1979,1978,LBN,660,260,"119, 204, 205, 237, 242",1,21/10/1976,1,30/04/1979,3,3,13/04/1975,1,13/10/1990,1,18,1,1,2,1,3,-99,10000,10000,2600000,2600000,5,0,0,0,0,-99,-99,1,0,2,2,Arab League,619,0,-88,-88,-88,-88,0,1,0,-88,1,1,1,15/11/1976,30/04/1979,1,21/10/1976,30/04/1979,-99,-88,-88,0,-88,-88,0,-88,-88,0,-88,-88,1,21/10/1976,30/04/1979,0,-88,-88,0,-88,-88,1,-99,-99,-99,-99,-99,0,2,0,-88,0,-88,-99,-99,-99,0,0,0,0,0,0,-99,-99,-99,-88,-99,-88,-88,0
Lebanon 1976-1979,1979,LBN,660,260,"119, 204, 205, 237, 242",1,21/10/1976,1,30/04/1979,3,3,13/04/1975,1,13/10/1990,1,18,1,1,2,1,3,-99,10000,10000,2600000,2600000,5,0,0,0,0,-99,-99,1,0,2,2,Arab League,619,0,-88,-88,-88,-88,0,1,0,-88,1,1,1,15/11/1976,30/04/1979,1,21/10/1976,30/04/1979,-99,-88,-88,0,-88,-88,0,-88,-88,0,-88,-88,1,21/10/1976,30/04/1979,0,-88,-88,0,-88,-88,1,-99,-99,-99,-99,-99,0,2,0,-88,0,-88,-99,-99,-99,0,0,0,0,0,0,-99,-99,-99,-88,-99,-88,-88,0
Lebanon 1982-1984,1982,LBN,660,260,"119, 121, 204, 237",2,24/09/1982,1,31/03/1984,1,3,13/04/1975,1,13/10/1990,1,89,1,1,2,1,3,-99,10000,10000,2600000,2600000,5,1,1,0,0,-99,-99,1,0,0,2,USA,2,1,Italy,325,France,220,1,1,0,-88,1,1,1,24/09/1982,31/03/1984,0,-88,-88,1,24/09/1982,31/03/1984,1,24/09/1982,31/03/1984,0,-88,-88,0,-88,-88,1,24/09/1982,31/03/1984,1,01/02/1983,31/03/1984,0,-88,-88,1,4100,158,158,410,410,1,2,1,Syria,1,Syria,1,0,0,0,0,0,0,0,0,-99,-99,-99,-88,303,-88,-99,0
Lebanon 1982-1984,1983,LBN,660,260,"119, 121, 204, 237",2,24/09/1982,1,31/03/1984,1,3,13/04/1975,1,13/10/1990,1,89,1,1,2,1,3,-99,10000,10000,2700000,2700000,5,1,1,0,0,-99,-99,1,0,0,2,USA,2,1,Italy,325,France,220,1,1,0,-88,1,1,1,24/09/1982,31/03/1984,0,-88,-88,1,24/09/1982,31/03/1984,1,24/09/1982,31/03/1984,0,-88,-88,0,-88,-88,1,24/09/1982,31/03/1984,1,01/02/1983,31/03/1984,0,-88,-88,1,6000,222,222,600,600,1,2,1,Syria,2,Syria,1,0,0,0,0,0,0,0,0,-99,-99,-99,-88,303,-88,-99,0
Lebanon 1982-1984,1984,LBN,660,260,"119, 121, 204, 237",2,24/09/1982,1,31/03/1984,1,3,13/04/1975,1,13/10/1990,1,89,1,1,2,1,3,-99,10000,10000,2700000,2700000,5,1,1,0,0,-99,-99,1,0,0,2,USA,2,1,Italy,325,France,220,1,1,0,-88,1,1,1,24/09/1982,31/03/1984,0,-88,-88,1,24/09/1982,31/03/1984,1,24/09/1982,31/03/1984,0,-88,-88,0,-88,-88,1,24/09/1982,31/03/1984,1,01/02/1983,31/03/1984,0,-88,-88,1,-99,-99,-99,-99,-99,1,2,1,Syria,3,Syria,1,0,0,0,0,0,0,0,0,-99,-99,-99,-88,303,-88,-99,0
Lebanon 2006,2006,LBN,660,426,"119, 206, 208, 366, 9999",1,11/08/2006,1,23/08/2006,1,1,12/07/2006,1,23/08/2006,1,1,1,1,1,0,2,-99,10000,10000,4100000,4100000,5,1,1,0,0,0,1,0,2,2,2,UN,1014,1,-88,-88,-88,-88,1,1,0,-88,1,1,-99,-88,-88,0,-88,-88,-99,-88,-88,-99,-88,-88,0,-88,-88,0,-88,-88,-99,-88,-88,0,-88,-88,0,-88,-88,1,-99,-99,-99,-99,-99,-99,-99,0,-88,0,-88,1,0,0,0,0,0,0,0,1,-99,-99,-99,-88,0,0,38,0
Liberia 1990-1996,1990,LBR,450,79,"79, 507, 508, 532, 639, 695, 696, 697, 1116, 80, 57901, 57902, 9999",2,24/08/1990,1,28/12/1996,1,1,26/12/1989,1,28/12/1996,1,8,1,1,2,1,3,3567,111000,111000,2100000,2100000,1,0,1,0,1,0,1,0,2,2,2,ECOWAS,2420,0,-88,-88,-88,-88,0,1,2,10000,1,1,1,11/1990,28/12/1996,1,12/1990,28/12/1996,1,11/1990,28/12/1996,1,10/1990,28/12/1996,0,-88,-88,1,11/1990,28/12/1996,1,24/08/1990,28/12/1996,1,22/11/1990,31/08/1995,0,-88,-88,1,6000,286,286,54,54,1,2,0,-88,1,Burkina Faso,1,0,0,0,0,0,0,0,0,14.8,176,1.36,1,700,1,5983,1
Liberia 1990-1996,1991,LBR,450,79,"79, 507, 508, 532, 639, 695, 696, 697, 1116, 80, 57901, 57902, 9999",2,24/08/1990,1,28/12/1996,1,1,26/12/1989,1,28/12/1996,1,8,1,1,2,1,3,3567,111000,111000,2100000,2100000,1,0,1,0,1,0,1,0,2,2,2,ECOWAS,2420,0,-88,-88,-88,-88,0,1,2,10000,1,1,1,11/1990,28/12/1996,1,12/1990,28/12/1996,1,11/1990,28/12/1996,1,10/1990,28/12/1996,0,-88,-88,1,11/1990,28/12/1996,1,24/08/1990,28/12/1996,1,22/11/1990,31/08/1995,0,-88,-88,1,7950,379,379,72,72,1,2,0,-88,1,Burkina Faso,1,0,0,0,0,0,0,0,0,14.8,578,1.58,1,700,1,5983,1
Liberia 1990-1996,1992,LBR,450,79,"79, 507, 508, 532, 639, 695, 696, 697, 1116, 80, 57901, 57902, 9999",2,24/08/1990,1,28/12/1996,1,1,26/12/1989,1,28/12/1996,1,8,1,1,2,1,3,3567,111000,111000,2000000,2000000,1,0,1,0,1,0,1,0,2,2,2,ECOWAS,2420,0,-88,-88,-88,-88,0,1,2,10000,1,1,1,11/1990,28/12/1996,1,12/1990,28/12/1996,1,11/1990,28/12/1996,1,10/1990,28/12/1996,0,-88,-88,1,11/1990,28/12/1996,1,24/08/1990,28/12/1996,1,22/11/1990,31/08/1995,0,-88,-88,1,7100,355,355,64,64,1,2,0,-88,1,Burkina Faso,1,0,0,0,0,0,0,0,0,14.8,453,1.24,1,700,1,5983,1
Liberia 1990-1996,1993,LBR,450,79,"79, 507, 508, 532, 639, 695, 696, 697, 1116, 80, 57901, 57902, 9999",2,24/08/1990,1,28/12/1996,1,1,26/12/1989,1,28/12/1996,1,8,1,1,2,1,3,3567,111000,111000,2000000,2000000,1,0,1,0,1,0,1,0,2,2,2,ECOWAS,2420,0,-88,-88,-88,-88,0,1,2,10000,1,1,1,11/1990,28/12/1996,1,12/1990,28/12/1996,1,11/1990,28/12/1996,1,10/1990,28/12/1996,0,-88,-88,1,11/1990,28/12/1996,1,24/08/1990,28/12/1996,1,22/11/1990,31/08/1995,0,-88,-88,1,11600,580,580,105,105,1,2,0,-88,1,Burkina Faso,1,0,0,0,0,0,0,0,0,14.8,2673,7.32,1,700,1,5983,1
Liberia 1990-1996,1994,LBR,450,79,"79, 507, 508, 532, 639, 695, 696, 697, 1116, 80, 57901, 57902, 9999",2,24/08/1990,1,28/12/1996,1,1,26/12/1989,1,28/12/1996,1,8,1,1,2,1,3,3567,111000,111000,2000000,2000000,1,0,1,0,1,0,1,0,2,2,2,ECOWAS,2420,0,-88,-88,-88,-88,0,1,2,10000,1,1,1,11/1990,28/12/1996,1,12/1990,28/12/1996,1,11/1990,28/12/1996,1,10/1990,28/12/1996,0,-88,-88,1,11/1990,28/12/1996,1,24/08/1990,28/12/1996,1,22/11/1990,31/08/1995,0,-88,-88,1,12400,620,620,112,112,1,2,0,-88,1,Burkina Faso,1,0,0,0,0,0,0,0,0,14.8,4167,11.42,1,700,1,5983,1
Liberia 1990-1996,1995,LBR,450,79,"79, 507, 508, 532, 639, 695, 696, 697, 1116, 80, 57901, 57902, 9999",2,24/08/1990,1,28/12/1996,1,1,26/12/1989,1,28/12/1996,1,8,1,1,2,1,3,3567,111000,111000,2100000,2100000,1,0,1,0,1,0,1,0,2,2,2,ECOWAS,2420,0,-88,-88,-88,-88,0,1,2,10000,1,1,1,11/1990,28/12/1996,1,12/1990,28/12/1996,1,11/1990,28/12/1996,1,10/1990,28/12/1996,0,-88,-88,1,11/1990,28/12/1996,1,24/08/1990,28/12/1996,1,22/11/1990,31/08/1995,0,-88,-88,1,8600,410,410,77,77,1,2,0,-88,1,Burkina Faso,1,0,0,0,0,0,0,0,0,14.8,2290,6.27,1,700,1,5983,1
Liberia 1990-1996,1996,LBR,450,79,"79, 507, 508, 532, 639, 695, 696, 697, 1116, 80, 57901, 57902, 9999",2,24/08/1990,1,28/12/1996,1,1,26/12/1989,1,28/12/1996,1,8,1,1,2,1,3,3567,111000,111000,2200000,2200000,1,0,1,0,1,0,1,0,2,2,2,ECOWAS,2420,0,-88,-88,-88,-88,0,1,2,10000,1,1,1,11/1990,28/12/1996,1,12/1990,28/12/1996,1,11/1990,28/12/1996,1,10/1990,28/12/1996,0,-88,-88,1,11/1990,28/12/1996,1,24/08/1990,28/12/1996,0,-88,-88,0,-88,-88,1,8600,391,391,77,77,1,2,0,-88,1,Burkina Faso,1,0,0,0,0,0,0,0,0,14.8,3091,8.54,1,700,1,5983,1
Libya 2011,2011,LBY,620,11346,"111, 1126, 1127, 9999",2,19/03/2011,1,23/10/2011,1,3,28/02/2011,1,23/11/2011,1,1,1,1,2,0,2,217,1759000,1759000,6200000,6200000,1,0,0,0,0,1,1,0,2,1,0,NATO,1060,1,Jordan,663,Qatar,694,0,1,1,76000,1,1,0,-88,-88,0,-88,-88,1,19/03/2011,23/10/2011,1,19/03/2011,23/10/2011,1,19/03/2011,23/10/2011,0,-88,-88,0,-88,-88,1,19/03/2011,23/10/2011,1,15/04/2011,20/10/2011,0,-88,0,0,0,0,1,2,0,-88,0,-88,1,0,0,0,0,0,0,0,1,12.06,1706,7.83,1,1,1,1430,1
Mali 2013-,2013,MLI,432,"372, 11347, 14113","72, 539, 607, 4380, 5880, 5881, 937, 1157, 1158, 1161, 1164, 3481, 4376, 9999",2,11/01/2013,1,0,-88,0,17/01/2012,2,0,-88,12,1,1,3,1,3,348,1240000,1240000,16500000,16500000,1,-99,-99,0,1,0,0,0,2,2,2,UN,1014,1,AU,2400,France,220,1,1,2,-99,1,1,0,-88,-88,0,-88,-88,1,11/01/2013,-77,1,11/01/2013,-77,0,-88,-88,0,-88,-88,1,18/06/2013,-77,1,11/01/2013,-77,0,-88,-88,1,8694,53,53,7,7,1,2,0,-88,0,-88,1,0,0,0,0,0,0,0,0,0.97,872,2.46,1,-99,-88,-99,0
Mali 2013-,2014,MLI,433,"372, 11347, 14114","72, 539, 607, 4380, 5880, 5881, 937, 1157, 1158, 1161, 1164, 3481, 4376, 9999",2,11/01/2013,1,0,-88,0,17/01/2012,2,0,-88,12,1,1,3,1,3,348,1240000,1240000,17000000,17000000,1,-99,-99,0,1,0,0,0,2,2,2,UN,1014,1,France,220,-88,-88,1,1,2,-99,1,1,0,-88,-88,0,-88,-88,1,11/01/2013,-77,1,11/01/2013,-77,0,-88,-88,0,-88,-88,1,18/06/2013,-77,1,11.01.2013,-77,0,-88,-88,1,9921,58,58,8,8,1,2,0,-88,0,-88,1,0,0,0,0,0,0,0,0,0.97,291,0.80,1,-99,-88,-99,0
Mali 2013-,2015,MLI,434,"372, 11347, 14115","72, 539, 607, 4380, 5880, 5881, 937, 1157, 1158, 1161, 1164, 3481, 4376, 9999",2,11/01/2013,1,0,-88,0,17/01/2012,2,0,-88,12,1,1,3,1,3,348,1240000,1240000,17500000,17500000,1,-99,-99,0,1,0,0,0,2,2,2,UN,1014,1,France,220,-88,-88,1,1,2,-99,1,1,0,-88,-88,0,-88,-88,1,11/01/2013,-77,1,11/01/2013,-77,0,-88,-88,0,-88,-88,1,18/06/2013,-77,1,11.01.2013,-77,0,-88,-88,1,10563,60,60,9,9,1,2,0,-88,0,-88,1,0,0,0,0,0,0,0,0,0.97,241,0.66,1,-99,-88,-99,0
Mali 2013-,2016,MLI,435,"372, 11347, 14116","72, 539, 607, 4380, 5880, 5881, 937, 1157, 1158, 1161, 1164, 3481, 4376, 9999",2,11/01/2013,1,0,-88,0,17/01/2012,2,0,-88,12,1,1,3,1,3,348,1240000,1240000,18000000,18000000,1,-99,-99,0,1,0,0,0,2,2,2,UN,1014,1,France,220,-88,-88,1,1,2,-99,1,1,0,-88,-88,0,-88,-88,1,11/01/2013,-77,1,11/01/2013,-77,0,-88,-88,0,-88,-88,1,18/06/2013,-77,1,11.01.2013,-77,0,-88,-88,1,10808,60,60,9,9,1,2,0,-88,0,-88,1,0,0,0,0,0,0,0,0,0.97,187,0.51,1,-99,-88,-99,0
Moldova 1992,1992,MDV,359,394,"55, 344",1,21/06/1992,2,31/07/1992,1,1,13/12/1991,1,31/07/1992,1,7,1,0,1,0,2,336,33900,3600,3700000,600000,4,0,1,0,1,-99,-99,0,0,0,0,Russia,365,1,-88,-88,-88,-88,1,1,1,12000,1,-77,1,21/06/1992,31/07/1992,0,-88,-88,1,21/06/1992,31/07/1992,1,-99,-99,0,-88,-88,0,-88,-88,1,21/06/1992,31/07/1992,1,21/06/1992,31/07/1992,0,-88,-88,1,7700,208,1283,227,2139,1,2,0,-88,0,-88,-99,0,0,0,-99,0,0,-99,1,1.76,249,3.36,1,-99,0,-88,0
Pakistan 1971,1971,BGD,770,312,"143, 142, 9999",1,04/12/1971,1,16/12/1971,1,1,25/03/1971,1,16/12/1971,1,8,1,1,1,0,2,-99,1000000,148000,126000000,66000000,3,0,0,0,0,-99,-99,1,0,0,0,India,750,0,-88,-88,-88,-88,0,1,1,100000,1,1,0,-88,-88,0,-88,-88,0,-88,-88,0,-88,-88,0,-88,-88,0,-88,-88,0,-88,-88,1,04/12/1971,16/12/1971,0,-88,-88,1,950000,754,1439,950,6419,1,2,0,-88,0,-88,0,0,0,1,0,0,0,0,1,-99,-99,-99,-88,-99,1,-99,0
Rwanda 1994 ,1994,RWA,517,374,"94, 527, 623, 9999",2,23/06/1994,1,21/08/1994,1,3,06/04/1994,1,01/03/2002,1,3,1,1,2,0,2,428837,25000,25000,6000000,6000000,1,1,0,0,0,1,1,0,2,0,2,France,220,1,Senegal,433,Chad,483,0,1,0,-88,1,1,1,34508,34532,0,-88,-88,1,34508,34567,1,34519,34567,0,-88,-88,1,34519,34567,1,34508,34532,0,-88,-88,0,-88,-88,1,3434,57,57,137,137,1,2,0,-88,0,-88,1,0,0,0,0,0,0,0,0,5497.91,42831,725.95,1,0,-88,-99,0
Sierra Leone 1997-1999,1997,SLE,451,382,"80, 532, 533, 534, 9999",2,31/05/1997,2,24/05/1999,1,2,23/03/1991,1,20/12/2001,2,74,1,1,2,0,2,8848,72000,72000,4300000,4300000,1,0,1,1,1,0,1,0,2,1,0,Nigeria,475,0,ECOWAS,2420,-88,-88,0,1,2,15000,1,1,0,-88,-88,0,-88,-88,1,31/05/1997,24/05/1999,0,-88,-88,0,-88,-88,0,-88,-88,1,07/1997,02/1998,1,31/05/1997,10/03/1999,1,31/05/1997,10/03/1998,1,3700,86,86,51,51,1,2,1,NPFL,1,NPFL,1,0,0,0,0,0,0,0,0,4.02,960,3.39,1,-99,0,-88,0
Sierra Leone 1997-1999,1998,SLE,451,382,"80, 532, 533, 534, 9999",2,31/05/1997,2,24/05/1999,1,2,23/03/1991,1,20/12/2001,2,74,1,1,2,0,2,8848,72000,72000,4400000,4400000,1,0,1,1,1,0,1,0,2,1,0,Nigeria,475,0,ECOWAS,2420,-88,-88,0,1,2,15000,1,1,0,-88,-88,1,03/1998,05/1999,1,31/05/1997,24/05/1999,0,-88,-88,0,-88,-88,0,-88,-88,1,07/1997,02/1998,1,31/05/1997,10/03/1999,1,31/05/1997,10/03/1998,1,10000,227,227,139,139,1,2,1,NPFL,1,NPFL,1,0,0,0,0,0,0,0,0,4.02,5155,14.12,1,-99,0,-88,0
Sierra Leone 1997-1999,1999,SLE,451,382,"80, 532, 533, 534, 9999",2,31/05/1997,2,24/05/1999,1,2,23/03/1991,1,20/12/2001,2,74,1,1,2,0,2,8848,72000,72000,4400000,4400000,1,0,1,1,1,0,1,0,2,1,0,Nigeria,475,0,ECOWAS,2420,-88,-88,0,1,2,15000,1,1,0,-88,-88,1,03/1998,05/1999,1,31/05/1997,24/05/1999,0,-88,-88,0,-88,-88,0,-88,-88,0,-88,-88,1,31/05/1997,10/03/1999,0,-88,-88,1,14000,318,318,194,194,1,2,1,NPFL,1,NPFL,1,0,0,0,0,0,0,0,0,4.02,4483,31.13,1,-99,0,-88,0
Sierra Leone 1999-2000,1999,SLE,451,382,"80, 532, 533, 535, 84, 9999",2,08/07/1999,2,06/05/2000,2,2,23/03/1991,1,20/12/2001,2,100,1,1,2,0,2,19477,72000,72000,4400000,4400000,1,1,1,1,0,1,1,0,2,2,2,UN,1014,0,ECOWAS,2420,-88,-88,0,1,0,-88,1,1,0,-88,-88,1,08/07/1999,06/05/2000,1,08/07/1999,06/05/2000,1,12/1999,06/05/2000,0,-88,-88,0,-88,-88,1,08/07/1999,06/05/2000,0,-88,-88,0,-88,-88,1,15000,341,341,208,208,0,2,-99,-88,1,Liberia,1,0,0,0,0,0,0,0,0,6.43,73,0.41,1,-99,0,-88,0
Sierra Leone 1999-2000,2000,SLE,451,382,"80, 532, 533, 535, 84, 9999",2,08/07/1999,2,06/05/2000,2,2,23/03/1991,1,20/12/2001,2,100,1,1,2,0,2,19477,72000,72000,4600000,4600000,1,1,1,1,0,1,1,0,2,2,2,UN,1014,0,ECOWAS,2420,-88,-88,0,1,0,-88,1,1,0,-88,-88,1,08/07/1999,06/05/2000,1,08/07/1999,06/05/2000,1,12/1999,06/05/2000,0,-88,-88,0,-88,-88,1,08/07/1999,06/05/2000,0,-88,-88,0,-88,-88,1,13000,283,283,181,181,0,2,-99,-88,1,Liberia,1,0,0,0,0,0,0,0,0,6.43,436,3.43,1,-99,0,-88,0
Sierra Leone 2000-2001,2000,SLE,451,382,"80, 463, 532, 533, 535, 77, 9999",2,06/05/2000,2,20/12/2001,1,1,23/03/1991,1,20/12/2001,2,109,1,1,2,0,2,19986,72000,72000,4600000,4600000,1,1,1,0,1,1,1,0,2,2,2,UN,1014,1,UK,200,-88,-88,1,1,2,15000,1,1,0,-88,-88,1,06/05/2000,20/12/2001,1,06/05/2000,20/12/2001,1,06/05/2000,20/12/2001,0,-88,-88,0,-88,-88,1,06/05/2000,20/12/2001,1,06/05/2000,20/12/2001,0,-88,-88,1,12717,276,276,177,177,1,2,1,Liberia,1,Liberia,1,0,0,0,0,0,0,0,0,6,420,1.76,1,-99,0,-88,1
Sierra Leone 2000-2001,2001,SLE,451,382,"80, 463, 532, 533, 535, 77, 9999",2,06/05/2000,2,20/12/2001,1,1,23/03/1991,1,20/12/2001,2,109,1,1,2,0,2,19986,72000,72000,4700000,4700000,1,1,1,0,1,1,1,0,2,2,2,UN,1014,1,UK,200,-88,-88,1,1,2,15000,1,1,0,-88,-88,1,06/05/2000,20/12/2001,1,06/05/2000,20/12/2001,1,06/05/2000,20/12/2001,0,-88,-88,0,-88,-88,1,06/05/2000,20/12/2001,1,06/05/2000,20/12/2001,0,-88,-88,1,12611,268,268,175,175,1,2,1,Liberia,1,Liberia,1,0,0,0,0,0,0,0,0,6,73,0.21,1,-99,0,-88,1
Solomon Islands 2003,2003,SLB,940,-99,"4499, 4500",2,24/07/2003,1,13/08/2003,2,1,30/11/1998,2,13/08/2003,2,56,1,1,2,1,2,163,28000,28000,400000,400000,6,-99,-99,0,0,0,0,0,2,2,2,Australia,900,0,New Zealand,920,Fiji,950,0,1,0,-88,1,1,0,-88,-88,1,24/07/2003,13/08/2003,1,24/07/2003,13/08/2003,1,24/07/2003,13/08/2003,0,-88,-88,0,-88,-88,0,-88,-88,0,-88,-88,0,-88,-88,1,1989,497,497,71,71,0,2,0,-88,0,-88,1,0,0,0,0,0,0,0,1,0.1,0,0,2,0,0,-88,0
Somalia 1992-1995,1992,SOM,520,337,"95, 500, 501, 502, 503, 542, 644, 675, 678, 891, 964, 972, 974, 976, 977, 1028, 1034, 1035, 1105, 97, 9999",2,09/12/1992,1,31/03/1995,1,3,01/01/1989,1,20/12/1996,1,47,1,1,2,1,3,11306,638000,288000,7500000,3300000,1,0,1,0,1,1,1,0,2,0,0,USA,2,1,UN,1014,-88,-88,0,1,0,-88,1,1,0,-88,-88,0,-88,-88,1,10/12/1992,31/03/1995,1,12/12/1992,31/03/1995,0,-88,-88,0,-88,-88,0,-88,-88,0,-88,-88,0,-88,-88,1,2401,32,73,4,8,1,2,0,-88,0,-88,1,0,0,0,0,0,0,0,0,7.86,0,0,1,175,-88,-99,0
Somalia 1992-1995,1993,SOM,520,337,"95, 500, 501, 502, 503, 542, 644, 675, 678, 891, 964, 972, 974, 976, 977, 1028, 1034, 1035, 1105, 97, 9999",2,09/12/1992,1,31/03/1995,1,3,01/01/1989,1,20/12/1996,1,47,1,1,2,1,3,11306,638000,288000,7500000,3300000,1,0,1,0,1,1,1,0,2,0,0,USA,2,1,UN,1014,-88,-88,0,1,0,-88,1,1,0,-88,-88,1,26/03/1993,31/03/1995,1,10/12/1992,31/03/1995,1,12/12/1992,31/03/1995,0,-88,-88,0,-88,-88,1,26/03/1993,31/03/1995,0,-88,-88,0,-88,-88,1,46984,626,1424,74,163,1,2,0,-88,0,-88,1,0,0,0,0,0,0,0,0,7.86,209,0.57,1,175,-88,-99,0
Somalia 1992-1995,1994,SOM,520,337,"95, 500, 501, 502, 503, 542, 644, 675, 678, 891, 964, 972, 974, 976, 977, 1028, 1034, 1035, 1105, 97, 9999",2,09/12/1992,1,31/03/1995,1,3,01/01/1989,1,20/12/1996,1,47,1,1,2,1,3,11306,638000,288000,7600000,3300000,1,0,1,0,1,1,1,0,2,0,0,UN,1014,1,-88,-88,-88,-88,0,1,0,-88,1,1,0,-88,-88,1,26/03/1993,31/03/1995,1,10/12/1992,31/03/1995,1,12/12/1992,31/03/1995,0,-88,-88,0,-88,-88,1,26/03/1993,31/03/1995,0,-88,-88,0,-88,-88,1,25945,341,786,41,90,1,2,0,-88,0,-88,1,0,0,0,0,0,0,0,0,7.86,267,0.73,1,175,-88,-99,0
Somalia 1992-1995,1995,SOM,520,337,"95, 500, 501, 502, 503, 542, 644, 675, 678, 891, 964, 972, 974, 976, 977, 1028, 1034, 1035, 1105, 97, 9999",2,09/12/1992,1,31/03/1995,1,3,01/01/1989,1,20/12/1996,1,47,1,1,2,1,3,11306,638000,288000,7700000,3400000,1,0,1,0,1,1,1,0,2,0,0,UN,1014,1,-88,-88,-88,-88,0,1,0,-88,1,1,0,-88,-88,1,26/03/1993,31/03/1995,1,10/12/1992,31/03/1995,1,12/12/1992,31/03/1995,0,-88,-88,0,-88,-88,1,26/03/1993,31/03/1995,0,-88,-88,0,-88,-88,1,7946,103,234,12,28,1,2,0,-88,0,-88,1,0,0,0,0,0,0,0,0,7.86,285,3.13,1,175,-88,-99,0
Somalia 2007-,2007,SOM,520,337,"95, 497, 504, 505, 584, 634, 671, 717, 769, 788, 894, 1004, 1196, 1096, 9999",2,01/03/2007,1,0,-88,0,18/02/2006,1,0,-88,12,1,1,2,0,3,1297,638000,288000,11000000,4700000,1,0,0,0,1,1,1,0,2,2,2,AU,2400,0,-88,-88,-88,-88,0,1,2,5000,1,1,0,-88,-88,1,01/03/2007,-77,1,01/03/2007,-77,1,01/03/2007,-77,0,-88,-88,0,-88,-88,0,-88,-77,1,01/03/2007,-77,0,-88,-88,1,3552,32,76,6,12,1,2,0,-88,0,-88,1,0,0,0,0,0,0,0,0,3.44,1580,5.18,1,-99,-88,-99,1
Somalia 2007-,2008,SOM,520,337,"95, 497, 504, 505, 584, 634, 671, 717, 769, 788, 894, 1004, 1196, 1096, 9999",2,01/03/2007,1,0,-88,0,18/02/2006,1,0,-88,12,1,1,2,0,3,1297,638000,288000,11400000,4900000,1,0,0,0,1,1,1,0,2,2,2,AU,2400,0,-88,-88,-88,-88,0,1,2,5000,1,1,0,-88,-88,1,01/03/2007,-77,1,01/03/2007,-77,1,01/03/2007,-77,0,-88,-88,0,-88,-88,1,29/06/2008,-77,1,01/03/2007,-77,0,-88,-88,1,3400,30,69,5,12,1,2,0,-88,0,-88,1,0,0,0,0,0,0,0,0,3.44,1729,4.72,1,-99,-88,-99,1
Somalia 2007-,2009,SOM,520,337,"95, 497, 504, 505, 584, 634, 671, 717, 769, 788, 894, 1004, 1196, 1096, 9999",2,01/03/2007,1,0,-88,0,18/02/2006,1,0,-88,12,1,1,2,0,3,1297,638000,288000,11700000,5000000,1,0,0,0,1,1,1,0,2,2,2,AU,2400,0,-88,-88,-88,-88,0,1,2,5000,1,1,0,-88,-88,1,01/03/2007,-77,1,01/03/2007,-77,1,01/03/2007,-77,0,-88,-88,0,-88,-88,1,29/06/2008,-77,1,01/03/2007,-77,0,-88,-88,1,5100,44,102,8,18,1,2,0,-88,0,-88,1,0,0,0,0,0,0,0,0,3.44,2198,6.02,1,-99,-88,-99,1
Somalia 2007-,2010,SOM,520,337,"95, 497, 504, 505, 584, 634, 671, 717, 769, 788, 894, 1004, 1196, 1096, 9999",2,01/03/2007,1,0,-88,0,18/02/2006,1,0,-88,12,1,1,2,0,3,1297,638000,288000,12100000,5200000,1,0,0,0,1,1,1,0,2,2,2,AU,2400,0,-88,-88,-88,-88,0,1,2,5000,1,1,0,-88,-88,1,01/03/2007,-77,1,01/03/2007,-77,1,01/03/2007,-77,0,-88,-88,0,-88,-88,1,29/06/2008,-77,1,01/03/2007,-77,0,-88,-88,1,7250,60,139,11,25,1,2,0,-88,0,-88,1,0,0,0,0,0,0,0,0,3.44,2613,7.16,1,-99,-88,-99,1
Somalia 2007-,2011,SOM,520,337,"95, 497, 504, 505, 584, 634, 671, 717, 769, 788, 894, 1004, 1196, 1096, 9999",2,01/03/2007,1,0,-88,0,18/02/2006,1,0,-88,12,1,1,2,0,3,1297,638000,288000,12400000,5300000,1,0,0,0,1,1,1,0,2,2,2,AU,2400,0,-88,-88,-88,-88,0,1,2,5000,1,1,0,-88,-88,1,01/03/2007,-77,1,01/03/2007,-77,1,01/03/2007,-77,0,-88,-88,0,-88,-88,1,29/06/2008,-77,1,01/03/2007,-77,0,-88,-88,1,9605,77,181,15,33,1,2,0,-88,0,-88,1,0,0,0,0,0,0,0,0,3.44,2085,5.71,1,-99,-88,-99,1
Somalia 2007-,2012,SOM,520,337,"95, 497, 504, 505, 584, 634, 671, 717, 769, 788, 894, 1004, 1196, 1096, 9999",2,01/03/2007,1,0,-88,0,18/02/2006,1,0,-88,12,1,1,2,0,3,1297,638000,288000,12800000,5500000,1,0,0,0,1,1,1,0,2,2,2,AU,2400,0,-88,-88,-88,-88,0,1,2,5000,1,1,0,-88,-88,1,01/03/2007,-77,1,01/03/2007,-77,1,01/03/2007,-77,0,-88,-88,0,-88,-88,1,29/06/2008,-77,1,01/03/2007,-77,0,-88,-88,1,16350,128,297,26,57,1,2,0,-88,0,-88,1,0,0,0,0,0,0,0,0,3.44,2743,7.49,1,-99,-88,-99,1
Somalia 2007-,2013,SOM,520,337,"95, 497, 504, 505, 584, 634, 671, 717, 769, 788, 894, 1004, 1196, 1096, 9999",2,01/03/2007,1,0,-88,0,18/02/2006,1,0,-88,12,1,1,2,0,3,1297,638000,288000,13100000,5600000,1,0,0,0,1,1,1,0,2,2,2,AU,2400,0,-88,-88,-88,-88,0,1,2,5000,1,1,0,-88,-88,1,01/03/2007,-77,1,01/03/2007,-77,1,01/03/2007,-77,0,-88,-88,0,-88,-88,1,29/06/2008,-77,1,01/03/2007,-77,0,-88,-88,1,17169,131,307,27,60,1,2,0,-88,0,-88,1,0,0,0,0,0,0,0,0,3.44,1026,2.81,1,-99,-88,-99,1
Somalia 2007-,2014,SOM,520,337,"95, 497, 504, 505, 584, 634, 671, 717, 769, 788, 894, 1004, 1196, 1096, 9999",2,01/03/2007,1,0,-88,0,18/02/2006,1,0,-88,12,1,1,2,0,3,1297,638000,288000,13500000,5800000,1,0,0,0,1,1,1,0,2,2,2,AU,2400,0,-88,-88,-88,-88,0,1,2,5000,1,1,0,-88,-88,1,01/03/2007,-77,1,01/03/2007,-77,1,01/03/2007,-77,0,-88,-88,0,-88,-88,1,29/06/2008,-77,1,01/03/2007,-77,0,-88,-88,1,22056,163,380,35,77,1,2,0,-88,0,-88,1,0,0,0,0,0,0,0,0,3.44,1244,3.41,1,-99,-88,-99,1
Somalia 2007-,2015,SOM,520,337,"95, 497, 504, 505, 584, 634, 671, 717, 769, 788, 894, 1004, 1196, 1096, 9999",2,01/03/2007,1,0,-88,0,18/02/2006,1,0,-88,12,1,1,2,0,3,1297,638000,288000,13900000,5900000,1,0,0,0,1,1,1,0,2,2,2,AU,2400,0,-88,-88,-88,-88,0,1,2,5000,1,1,0,-88,-88,1,01/03/2007,-77,1,01/03/2007,-77,1,01/03/2007,-77,0,-88,-88,0,-88,-88,1,29/06/2008,-77,1,01/03/2007,-77,0,-88,-88,1,21550,155,365,34,75,1,2,0,-88,0,-88,1,0,0,0,0,0,0,0,0,3.44,1217,3.33,1,-99,-88,-99,1
Somalia 2007-,2016,SOM,520,337,"95, 497, 504, 505, 584, 634, 671, 717, 769, 788, 894, 1004, 1196, 1096, 9999",2,01/03/2007,1,0,-88,0,18/02/2006,1,0,-88,12,1,1,2,0,3,1297,638000,288000,14300000,6100000,1,0,0,0,1,1,1,0,2,2,2,AU,2400,0,-88,-88,-88,-88,0,1,2,5000,1,1,0,-88,-88,1,01/03/2007,-77,1,01/03/2007,-77,1,01/03/2007,-77,0,-88,-88,0,-88,-88,1,29/06/2008,-77,1,01/03/2007,-77,0,-88,-88,1,-99,-99,-99,0,0,1,2,0,-88,0,-88,1,0,0,0,0,0,0,0,0,3.44,2014,5.50,1,-99,-88,-99,1
South Sudan 2011-,2011,SSD,626,"11345, 11348","113, 112, 488, 581, 582, 583, 598, 706, 708, 1137, 1220, 1224, 3568, 4226, 90, 655, 660, 1009, 1097, 1108, 1124, 1138, 1162, 3563, 3569, 4226, 9999",2,09/07/2011,1,0,-88,0,30/07/2005,1,0,-88,71,1,1,2,1,3,4422,620000,620000,10400000,10400000,1,1,1,0,1,0,1,0,2,2,1,UN,1014,0,-88,-88,-88,-88,0,1,0,-88,1,1,0,-88,-88,1,09/07/2011,-77,1,09/07/2011,-77,1,09/07/2011,-77,0,-88,-88,0,-88,-88,1,09/07/2011,-77,0,-88,-88,0,-88,-88,1,4803,46,46,8,8,0,2,0,-88,1,Sudan,1,0,0,0,0,0,0,0,0,2.04,1194,6.82,-88,-99,-88,-99,0
South Sudan 2011-,2012,SSD,626,"11345, 11349","113, 112, 488, 581, 582, 583, 598, 706, 708, 1137, 1220, 1224, 3568, 4226, 90, 655, 660, 1009, 1097, 1108, 1124, 1138, 1162, 3563, 3569, 4226, 9999",2,09/07/2011,1,0,-88,0,30/07/2005,1,0,-88,71,1,1,2,1,3,4422,620000,620000,10800000,10800000,1,1,1,0,1,0,1,0,2,2,1,UN,1014,0,-88,-88,-88,-88,0,1,0,-88,1,1,0,-88,-88,1,09/07/2011,-77,1,09/07/2011,-77,1,09/07/2011,-77,0,-88,-88,0,-88,-88,1,09/07/2011,-77,0,-88,-88,0,-88,-88,1,6473,60,60,10,10,0,2,0,-88,1,Sudan,1,0,0,0,0,0,0,0,0,2.04,864,2.36,-88,-99,-88,-99,0
South Sudan 2011-,2013,SSD,626,"11345, 11350","113, 112, 488, 581, 582, 583, 598, 706, 708, 1137, 1220, 1224, 3568, 4226, 90, 655, 660, 1009, 1097, 1108, 1124, 1138, 1162, 3563, 3569, 4226, 9999",2,09/07/2011,1,0,-88,0,30/07/2005,1,0,-88,71,1,1,2,1,3,4422,620000,620000,11200000,11200000,1,1,1,0,1,0,1,0,2,2,1,UN,1014,0,-88,-88,-88,-88,0,1,0,-88,1,1,0,-88,-88,1,09/07/2011,-77,1,09/07/2011,-77,1,09/07/2011,-77,0,-88,-88,1,03/2013,-77,1,09/07/2011,-77,0,-88,-88,0,-88,-88,1,6796,61,61,11,11,0,2,0,-88,1,Sudan,1,0,0,0,0,0,0,0,0,2.04,1802,4.94,-88,-99,-88,-99,0
South Sudan 2011-,2014,SSD,626,"11345, 11351","113, 112, 488, 581, 582, 583, 598, 706, 708, 1137, 1220, 1224, 3568, 4226, 90, 655, 660, 1009, 1097, 1108, 1124, 1138, 1162, 3563, 3569, 4226, 9999",2,09/07/2011,1,0,-88,0,30/07/2005,1,0,-88,71,1,1,2,1,3,4422,620000,620000,11500000,11500000,1,1,1,0,1,0,1,0,2,2,1,UN,1014,0,-88,-88,-88,-88,0,1,0,-88,1,1,0,-88,-88,1,09/07/2011,-77,1,09/07/2011,-77,1,09/07/2011,-77,0,-88,-88,1,03/2013,-77,1,09/07/2011,-77,0,-88,-88,0,-88,-88,1,10251,89,89,17,17,0,2,0,-88,1,Sudan,1,0,0,0,0,0,0,0,0,2.04,2454,6.72,-88,-99,-88,-99,0
South Sudan 2011-,2015,SSD,626,"11345, 11352","113, 112, 488, 581, 582, 583, 598, 706, 708, 1137, 1220, 1224, 3568, 4226, 90, 655, 660, 1009, 1097, 1108, 1124, 1138, 1162, 3563, 3569, 4226, 9999",2,09/07/2011,1,0,-88,0,30/07/2005,1,0,-88,71,1,1,2,1,3,4422,620000,620000,11900000,11900000,1,1,1,0,1,0,1,0,2,2,1,UN,1014,0,-88,-88,-88,-88,0,1,0,-88,1,1,0,-88,-88,1,09/07/2011,-77,1,09/07/2011,-77,1,09/07/2011,-77,0,-88,-88,1,03/2013,-77,1,09/07/2011,-77,0,-88,-88,0,-88,-88,1,11707,98,98,19,19,0,2,0,-88,1,Sudan,1,0,0,0,0,0,0,0,0,2.04,1136,3.11,-88,-99,-88,-99,0
South Sudan 2011-,2016,SSD,626,"11345, 11353","113, 112, 488, 581, 582, 583, 598, 706, 708, 1137, 1220, 1224, 3568, 4226, 90, 655, 660, 1009, 1097, 1108, 1124, 1138, 1162, 3563, 3569, 4226, 9999",2,09/07/2011,1,0,-88,0,30/07/2005,1,0,-88,71,1,1,2,1,3,4422,620000,620000,12200000,12200000,1,1,1,0,1,0,1,0,2,2,1,UN,1014,0,-88,-88,-88,-88,0,1,0,-88,1,1,0,-88,-88,1,09/07/2011,-77,1,09/07/2011,-77,1,09/07/2011,-77,0,-88,-88,1,03/2013,-77,1,09/07/2011,-77,0,-88,-88,0,-88,-88,1,12099,99,99,20,20,0,2,0,-88,1,Sudan,1,0,0,0,0,0,0,0,0,2.04,1172,3.20,-88,-99,-88,-99,0
Sri Lanka 1987-1990,1987,LKA,780,352,"145, 281, 320, 322, 4004, 844, 2297, 9999",2,30/07/1987,1,20/03/1990,2,3,23/07/1983,1,24/12/2001,1,48,1,1,1,1,2,-99,66000,10000,16600000,2500000,3,1,1,0,0,-99,-99,1,0,0,2,India,750,0,-88,-88,-88,-88,0,1,2,7500,1,1,0,-88,-88,1,30/07/1987,09/10/1987,0,-88,-88,0,-88,-88,0,-88,-88,0,-88,-88,1,30/07/1987,29/07/1989,1,30/07/1987,20/03/1990,0,-88,-88,1,20000,120,800,303,2000,1,2,0,-88,0,-88,1,0,0,0,0,0,0,0,0,-99,-99,-99,-88,1155,-88,-99,0
Sri Lanka 1987-1990,1988,LKA,780,352,"145, 281, 320, 322, 4004, 844, 2297, 9999",2,30/07/1987,1,20/03/1990,2,3,23/07/1983,1,24/12/2001,1,48,1,1,1,1,2,-99,66000,10000,16900000,2500000,3,1,1,0,0,-99,-99,1,0,0,2,India,750,0,-88,-88,-88,-88,0,1,2,7500,1,1,0,-88,-88,0,-88,-88,0,-88,-88,0,-88,-88,0,-88,-88,0,-88,-88,1,30/07/1987,29/07/1989,1,30/07/1987,20/03/1990,0,-88,-88,1,70000,414,2800,1061,7000,1,2,0,-88,0,-88,1,0,0,0,0,0,0,0,0,-99,-99,-99,-88,1155,-88,-99,0
Sri Lanka 1987-1990,1989,LKA,780,352,"145, 281, 320, 322, 4004, 844, 2297, 9999",2,30/07/1987,1,20/03/1990,2,3,23/07/1983,1,24/12/2001,1,48,1,1,1,1,2,-99,66000,10000,17100000,2600000,3,1,1,0,0,-99,-99,1,0,0,2,India,750,0,-88,-88,-88,-88,0,1,2,7500,1,1,0,-88,-88,0,-88,-88,0,-88,-88,0,-88,-88,0,-88,-88,0,-88,-88,1,30/07/1987,29/07/1989,1,30/07/1987,20/03/1990,0,-88,-88,1,80000,468,3077,1212,8000,1,2,0,-88,0,-88,1,0,0,0,0,0,0,0,0,-99,-99,-99,-88,1155,-88,-99,0
Sri Lanka 1987-1990,1990,LKA,780,352,"145, 281, 320, 322, 4004, 844, 2297, 9999",2,30/07/1987,1,20/03/1990,2,3,23/07/1983,1,24/12/2001,1,48,1,1,1,1,2,-99,66000,10000,17300000,2600000,3,1,1,0,0,-99,-99,1,0,0,2,India,750,0,-88,-88,-88,-88,0,1,2,7500,1,1,0,-88,-88,0,-88,-88,0,-88,-88,0,-88,-88,0,-88,-88,0,-88,-88,0,-88,-88,1,30/07/1987,20/03/1990,0,-88,-88,1,70000,405,2692,1061,7000,1,2,0,-88,0,-88,1,0,0,0,0,0,0,0,0,-99,-99,-99,-88,1155,-88,-99,0
Sudan (Darfur) 2007-,2007,SDN,625,309,"112, 468, 469, 471, 472, 630, 319, 5849, 5866, 9999",2,31/12/2007,1,0,-88,0,26/02/2003,1,0,-88,58,1,1,2,1,3,14996,2506000,440000,32300000,6200000,1,0,0,0,1,1,1,0,2,2,2,AU,2400,0,UN,1014,-88,-88,0,1,0,-88,1,1,0,-88,-88,0,-88,-88,1,31/07/2007,-77,1,31/07/2007,-77,0,-88,-88,0,-88,-88,0,-88,-88,0,-88,-88,0,-88,-88,1,1617,5,26,1,4,1,2,0,-88,0,-88,1,0,0,0,0,0,0,0,0,8.48,802,2.20,-88,-99,-88,-99,0
Sudan (Darfur) 2007-,2008,SDN,625,309,"112, 468, 469, 471, 472, 630, 319, 5849, 5866, 9999",2,31/12/2007,1,0,-88,0,26/02/2003,1,0,-88,58,1,1,2,1,3,14996,2506000,440000,33000000,6300000,1,0,0,0,1,1,1,0,2,2,2,UN,1014,0,AU,2400,-88,-88,0,1,0,-88,1,1,0,-88,-88,0,-88,-88,1,31/07/2007,-77,1,31/07/2007,-77,0,-88,-88,0,-88,-88,0,-88,-88,0,-88,-88,0,-88,-88,1,12194,37,194,5,28,1,2,0,-88,0,-88,1,0,0,0,0,0,0,0,0,8.48,748,2.04,-88,-99,-88,-99,0
Sudan (Darfur) 2007-,2009,SDN,625,309,"112, 468, 469, 471, 472, 630, 319, 5849, 5866, 9999",2,31/12/2007,1,0,-88,0,26/02/2003,1,0,-88,58,1,1,2,1,3,14996,2506000,440000,33700000,6500000,1,0,0,0,1,1,1,0,2,2,2,UN,1014,0,AU,2400,-88,-88,0,1,0,-88,1,1,0,-88,-88,0,-88,-88,1,31/07/2007,-77,1,31/07/2007,-77,0,-88,-88,0,-88,-88,0,-88,-88,0,-88,-88,0,-88,-88,1,15114,45,233,6,34,1,2,0,-88,0,-88,1,0,0,0,0,0,0,0,0,8.48,459,1.26,-88,-99,-88,-99,0
Sudan (Darfur) 2007-,2010,SDN,625,309,"112, 468, 469, 471, 472, 630, 319, 5849, 5866, 9999",2,31/12/2007,1,0,-88,0,26/02/2003,1,0,-88,58,1,1,2,1,3,14996,2506000,440000,34400000,6600000,1,0,0,0,1,1,1,0,2,2,2,UN,1014,0,AU,2400,-88,-88,0,1,0,-88,1,1,0,-88,-88,0,-88,-88,1,31/07/2007,-77,1,31/07/2007,-77,0,-88,-88,0,-88,-88,0,-88,-88,0,-88,-88,0,-88,-88,1,17220,50,261,7,39,1,2,0,-88,0,-88,1,0,0,0,0,0,0,0,0,8.48,1332,3.65,-88,-99,-88,-99,0
Sudan (Darfur) 2007-,2011,SDN,625,309,"112, 468, 469, 471, 472, 630, 319, 5849, 5866, 9999",2,31/12/2007,1,0,-88,0,26/02/2003,1,0,-88,58,1,1,2,1,3,14996,2506000,440000,35200000,6800000,1,0,0,0,1,1,1,0,2,2,2,UN,1014,0,AU,2400,-88,-88,0,1,0,-88,1,1,0,-88,-88,0,-88,-88,1,31/07/2007,-77,1,31/07/2007,-77,0,-88,-88,0,-88,-88,0,-88,-88,0,-88,-88,0,-88,-88,1,17777,51,261,7,40,1,2,0,-88,0,-88,1,0,0,0,0,0,0,0,0,8.48,244,0.67,-88,-99,-88,-99,0
Sudan (Darfur) 2007-,2012,SDN,625,309,"112, 468, 469, 471, 472, 630, 319, 5849, 5866, 9999",2,31/12/2007,1,0,-88,0,26/02/2003,1,0,-88,58,1,1,2,1,3,14996,2506000,440000,36000000,6900000,1,0,0,0,1,1,1,0,2,2,2,UN,1014,0,AU,2400,-88,-88,0,1,0,-88,1,1,0,-88,-88,0,-88,-88,1,31/07/2007,-77,1,31/07/2007,-77,0,-88,-88,0,-88,-88,0,-88,-88,0,-88,-88,0,-88,-88,1,15596,43,226,6,35,1,2,0,-88,0,-88,1,0,0,0,0,0,0,0,0,8.48,495,1.35,-88,-99,-88,-99,0
Sudan (Darfur) 2007-,2013,SDN,625,309,"112, 468, 469, 471, 472, 630, 319, 5849, 5866, 9999",2,31/12/2007,1,0,-88,0,26/02/2003,1,0,-88,58,1,1,2,1,3,14996,2506000,440000,36800000,7100000,1,0,0,0,1,1,1,0,2,2,2,UN,1014,0,AU,2400,-88,-88,0,1,0,-88,1,1,0,-88,-88,0,-88,-88,1,31/07/2007,-77,1,31/07/2007,-77,0,-88,-88,0,-88,-88,0,-88,-88,0,-88,-88,0,-88,-88,1,14443,39,203,6,33,1,2,0,-88,0,-88,1,0,0,0,0,0,0,0,0,8.48,1588,4.35,-88,-99,-88,-99,0
Sudan (Darfur) 2007-,2014,SDN,625,309,"112, 468, 469, 471, 472, 630, 319, 5849, 5866, 9999",2,31/12/2007,1,0,-88,0,26/02/2003,1,0,-88,58,1,1,2,1,3,14996,2506000,440000,37700000,7200000,1,0,0,0,1,1,1,0,2,2,2,UN,1014,0,AU,2400,-88,-88,0,1,0,-88,1,1,0,-88,-88,0,-88,-88,1,31/07/2007,-77,1,31/07/2007,-77,0,-88,-88,0,-88,-88,0,-88,-88,0,-88,-88,0,-88,-88,1,12614,33,175,5,29,1,2,0,-88,0,-88,1,0,0,0,0,0,0,0,0,8.48,1315,3.60,-88,-99,-88,-99,0
Sudan (Darfur) 2007-,2015,SDN,625,309,"112, 468, 469, 471, 472, 630, 319, 5849, 5866, 9999",2,31/12/2007,1,0,-88,0,26/02/2003,1,0,-88,58,1,1,2,1,3,14996,2506000,440000,38600000,7400000,1,0,0,0,1,1,1,0,2,2,2,UN,1014,0,AU,2400,-88,-88,0,1,0,-88,1,1,0,-88,-88,0,-88,-88,1,31/07/2007,-77,1,31/07/2007,-77,0,-88,-88,0,-88,-88,0,-88,-88,0,-88,-88,0,-88,-88,1,14403,37,195,6,33,1,2,0,-88,0,-88,1,0,0,0,0,0,0,0,0,8.48,1864,5.11,-88,-99,-88,-99,0
Sudan (Darfur) 2007-,2016,SDN,625,309,"112, 468, 469, 471, 472, 630, 319, 5849, 5866, 9999",2,31/12/2007,1,0,-88,0,26/02/2003,1,0,-88,58,1,1,2,1,3,14996,2506000,440000,39600000,7600000,1,0,0,0,1,1,1,0,2,2,2,UN,1014,0,AU,2400,-88,-88,0,1,0,-88,1,1,0,-88,-88,0,-88,-88,1,31/07/2007,-77,1,31/07/2007,-77,0,-88,-88,0,-88,-88,0,-88,-88,0,-88,-88,0,-88,-88,1,13608,34,179,5,31,1,2,0,-88,0,-88,1,0,0,0,0,0,0,0,0,8.48,1427,3.90,-88,-99,-88,-99,0
Tajikistan 1993-1996,1993,TJK,702,395,"131, 345, 1186",2,01/10/1993,1,23/12/1996,1,1,05/05/1992,1,23/12/1996,1,17,1,1,2,1,2,4764,143000,143000,5600000,5600000,3,0,1,0,1,-99,-99,0,0,2,2,CIS,-88,1,-88,-88,-88,-88,1,1,2,16000,1,1,0,-88,-88,0,-88,-88,1,01/10/1993,23/12/1996,1,01/10/1993,23/12/1996,0,-88,-88,0,-88,-88,0,-88,-88,1,01/10/1993,23/12/1996,0,-88,-88,1,8500,152,152,59,59,1,2,0,-88,-99,-88,1,0,0,0,0,0,0,0,0,9.29,140,1.54,1,150,0,-88,0
Tajikistan 1993-1996,1994,TJK,702,395,"131, 345, 1186",2,01/10/1993,1,23/12/1996,1,1,05/05/1992,1,23/12/1996,1,17,1,1,2,1,2,4764,143000,143000,5700000,5700000,3,0,1,0,1,-99,-99,0,0,2,2,CIS,-88,1,-88,-88,-88,-88,1,1,2,16000,1,1,0,-88,-88,0,-88,-88,1,01/10/1993,23/12/1996,1,01/10/1993,23/12/1996,0,-88,-88,0,-88,-88,0,-88,-88,1,01/10/1993,23/12/1996,0,-88,-88,1,12000,211,211,84,84,1,2,0,-88,-99,-88,1,0,0,0,0,0,0,0,0,9.29,366,1.00,1,150,0,-88,0
Tajikistan 1993-1996,1995,TJK,702,395,"131, 345, 1186",2,01/10/1993,1,23/12/1996,1,1,05/05/1992,1,23/12/1996,1,17,1,1,2,1,2,4764,143000,143000,5800000,5800000,3,0,1,0,1,-99,-99,0,0,2,2,CIS,-88,1,-88,-88,-88,-88,1,1,2,16000,1,1,0,-88,-88,0,-88,-88,1,01/10/1993,23/12/1996,1,01/10/1993,23/12/1996,0,-88,-88,0,-88,-88,0,-88,-88,1,01/10/1993,23/12/1996,0,-88,-88,1,12500,216,216,87,87,1,2,0,-88,-99,-88,1,0,0,0,0,0,0,0,0,9.29,368,1.00,1,150,0,-88,0
Tajikistan 1993-1996,1996,TJK,702,395,"131, 345, 1186",2,01/10/1993,1,23/12/1996,1,1,05/05/1992,1,23/12/1996,1,17,1,1,2,1,2,4764,143000,143000,5800000,5800000,3,0,1,0,1,-99,-99,0,0,2,2,CIS,-88,1,-88,-88,-88,-88,1,1,2,16000,1,1,0,-88,-88,0,-88,-88,1,01/10/1993,23/12/1996,1,01/10/1993,23/12/1996,0,-88,-88,0,-88,-88,0,-88,-88,1,01/10/1993,23/12/1996,0,-88,-88,1,13100,226,226,92,92,1,2,0,-88,-99,-88,1,0,0,0,0,0,0,0,0,9.29,2797,7.83,1,150,0,-88,0
Uganda 1979,1979,UGA,500,"314, 427","90, 92, 100, 479",1,21/01/1979,1,03/06/1979,1,1,25/01/1971,1,03/06/1979,1,96,1,1,2,0,2,-99,241000,241000,12200000,12200000,1,0,0,0,0,-99,-99,1,0,0,0,Tanzania,510,0,Mozambique,541,-88,-88,0,1,1,21000,1,1,0,-88,-88,0,-88,-88,1,03/1979,03/06/1979,0,-88,-88,0,-88,-88,0,-88,-88,0,-88,-88,1,21/01/1979,10/04/1979,1,01/03/1979,10/04/1979,1,45000,369,369,187,187,1,2,1,Libya,1,Libya,0,0,0,1,0,0,0,0,1,-99,-99,-99,-88,373,1,-99,0
Yugoslavia (Kosovo) 1999,1999,KSV,345,412,"49, 357",2,24/03/1999,1,10/06/1999,1,1,06/03/1998,1,10/06/1999,1,13,1,1,1,0,2,1649,102000,11000,9900000,1800000,4,1,1,1,1,1,1,0,0,0,0,NATO,1060,1,-88,-88,-88,-88,0,1,1,114000,1,1,0,-88,-88,0,-88,-88,1,24/03/1999,10/06/1999,0,-88,-88,0,-88,-88,0,-88,-88,1,24/03/1999,10/06/1999,1,24/03/1999,10/06/1999,1,24/03/1999,10/06/1999,0,-88,0,0,0,-8,1,2,0,-88,0,-88,1,0,0,0,0,0,0,0,1,4.31,1990,25.19,1,0,0,-88,1
,,,,,,,,,,,,,,,,,,,,,,,,,,,,,,,,,,,,,,,,,,,,,,,,,,,,,,,,,,,,,,,,,,,,,,,,,,,,,,,,,,,,,,,,,,,,,,,,,,,,,,,,,,
,,,,,,,,,,,,,,,,,,,,,,,,,,,,,,,,,,,,,,,,,,,,,,,,,,,,,,,,,,,,,,,,,,,,,,,,,,,,,,,,,,,,,,,,,,,,,,,,,,,,,,,,,,
,,,,,,,,,,,,,,,,,,,,,,,,,,,,,,,,,,,,,,,,,,,,,,,,,,,,,,,,,,,,,,,,,,,,,,,,,,,,,,,,,,,,,,,,,,,,,,,,,,,,,,,,,,
,,,,,,,,,,,,,,,,,,,,,,,,,,,,,,,,,,,,,,,,,,,,,,,,,,,,,,,,,,,,,,,,,,,,,,,,,,,,,,,,,,,,,,,,,,,,,,,,,,,,,,,,,,
,,,,,,,,,,,,,,,,,,,,,,,,,,,,,,,,,,,,,,,,,,,,,,,,,,,,,,,,,,,,,,,,,,,,,,,,,,,,,,,,,,,,,,,,,,,,,,,,,,,,,,,,,,
,,,,,,,,,,,,,,,,,,,,,,,,,,,,,,,,,,,,,,,,,,,,,,,,,,,,,,,,,,,,,,,,,,,,,,,,,,,,,,,,,,,,,,,,,,,,,,,,,,,,,,,,,,
,,,,,,,,,,,,,,,,,,,,,,,,,,,,,,,,,,,,,,,,,,,,,,,,,,,,,,,,,,,,,,,,,,,,,,,,,,,,,,,,,,,,,,,,,,,,,,,,,,,,,,,,,,
,,,,,,,,,,,,,,,,,,,,,,,,,,,,,,,,,,,,,,,,,,,,,,,,,,,,,,,,,,,,,,,,,,,,,,,,,,,,,,,,,,,,,,,,,,,,,,,,,,,,,,,,,,
,,,,,,,,,,,,,,,,,,,,,,,,,,,,,,,,,,,,,,,,,,,,,,,,,,,,,,,,,,,,,,,,,,,,,,,,,,,,,,,,,,,,,,,,,,,,,,,,,,,,,,,,,,
